scenario,event_time,wall_clock
ConstantRate(2.0),1000,1000
ConstantRate(2.0),1100,1050
ConstantRate(2.0),1200,1100
ConstantRate(2.0),1300,1150
ConstantRate(2.0),1400,1200
ConstantRate(2.0),1500,1250
ConstantRate(2.0),1600,1300
ConstantRate(2.0),1700,1350
ConstantRate(2.0),1800,1400
ConstantRate(2.0),1900,1450
ConstantRate(2.0),2000,1500
ConstantRate(2.0),2100,1550
ConstantRate(2.0),2200,1600
ConstantRate(2.0),2300,1650
ConstantRate(2.0),2400,1700
ConstantRate(2.0),2500,1750
ConstantRate(2.0),2600,1800
ConstantRate(2.0),2700,1850
ConstantRate(2.0),2800,1900
ConstantRate(2.0),2900,1950
ConstantRate(2.0),3000,2000
ConstantRate(2.0),3100,2050
ConstantRate(2.0),3200,2100
ConstantRate(2.0),3300,2150
ConstantRate(2.0),3400,2200
ConstantRate(2.0),3500,2250
ConstantRate(2.0),3600,2300
ConstantRate(2.0),3700,2350
ConstantRate(2.0),3800,2400
ConstantRate(2.0),3900,2450
ConstantRate(2.0),4000,2500
ConstantRate(2.0),4100,2550
ConstantRate(2.0),4200,2600
ConstantRate(2.0),4300,2650
ConstantRate(2.0),4400,2700
ConstantRate(2.0),4500,2750
ConstantRate(2.0),4600,2800
ConstantRate(2.0),4700,2850
ConstantRate(2.0),4800,2900
ConstantRate(2.0),4900,2950
ConstantRate(2.0),5000,3000
ConstantRate(2.0),5100,3050
ConstantRate(2.0),5200,3100
ConstantRate(2.0),5300,3150
ConstantRate(2.0),5400,3200
ConstantRate(2.0),5500,3250
ConstantRate(2.0),5600,3300
ConstantRate(2.0),5700,3350
ConstantRate(2.0),5800,3400
ConstantRate(2.0),5900,3450
ConstantRate(2.0),6000,3500
ConstantRate(2.0),6100,3550
ConstantRate(2.0),6200,3600
ConstantRate(2.0),6300,3650
ConstantRate(2.0),6400,3700
ConstantRate(2.0),6500,3750
ConstantRate(2.0),6600,3800
ConstantRate(2.0),6700,3850
ConstantRate(2.0),6800,3900
ConstantRate(2.0),6900,3950
ConstantRate(2.0),7000,4000
ConstantRate(2.0),7100,4050
ConstantRate(2.0),7200,4100
ConstantRate(2.0),7300,4150
ConstantRate(2.0),7400,4200
ConstantRate(2.0),7500,4250
ConstantRate(2.0),7600,4300
ConstantRate(2.0),7700,4350
ConstantRate(2.0),7800,4400
ConstantRate(2.0),7900,4450
ConstantRate(2.0),8000,4500
ConstantRate(2.0),8100,4550
ConstantRate(2.0),8200,4600
ConstantRate(2.0),8300,4650
ConstantRate(2.0),8400,4700
ConstantRate(2.0),8500,4750
ConstantRate(2.0),8600,4800
ConstantRate(2.0),8700,4850
ConstantRate(2.0),8800,4900
ConstantRate(2.0),8900,4950
ConstantRate(2.0),9000,5000
ConstantRate(2.0),9100,5050
ConstantRate(2.0),9200,5100
ConstantRate(2.0),9300,5150
ConstantRate(2.0),9400,5200
ConstantRate(2.0),9500,5250
ConstantRate(2.0),9600,5300
ConstantRate(2.0),9700,5350
ConstantRate(2.0),9800,5400
ConstantRate(2.0),9900,5450
ConstantRate(2.0),10000,5500
ConstantRate(2.0),10100,5550
ConstantRate(2.0),10200,5600
ConstantRate(2.0),10300,5650
ConstantRate(2.0),10400,5700
ConstantRate(2.0),10500,5750
ConstantRate(2.0),10600,5800
ConstantRate(2.0),10700,5850
ConstantRate(2.0),10800,5900
ConstantRate(2.0),10900,5950
ConstantRate(2.0),11000,6000
ConstantRate(2.0),11100,6050
ConstantRate(2.0),11200,6100
ConstantRate(2.0),11300,6150
ConstantRate(2.0),11400,6200
ConstantRate(2.0),11500,6250
ConstantRate(2.0),11600,6300
ConstantRate(2.0),11700,6350
ConstantRate(2.0),11800,6400
ConstantRate(2.0),11900,6450
ConstantRate(2.0),12000,6500
ConstantRate(2.0),12100,6550
ConstantRate(2.0),12200,6600
ConstantRate(2.0),12300,6650
ConstantRate(2.0),12400,6700
ConstantRate(2.0),12500,6750
ConstantRate(2.0),12600,6800
ConstantRate(2.0),12700,6850
ConstantRate(2.0),12800,6900
ConstantRate(2.0),12900,6950
ConstantRate(2.0),13000,7000
ConstantRate(2.0),13100,7050
ConstantRate(2.0),13200,7100
ConstantRate(2.0),13300,7150
ConstantRate(2.0),13400,7200
ConstantRate(2.0),13500,7250
ConstantRate(2.0),13600,7300
ConstantRate(2.0),13700,7350
ConstantRate(2.0),13800,7400
ConstantRate(2.0),13900,7450
ConstantRate(2.0),14000,7500
ConstantRate(2.0),14100,7550
ConstantRate(2.0),14200,7600
ConstantRate(2.0),14300,7650
ConstantRate(2.0),14400,7700
ConstantRate(2.0),14500,7750
ConstantRate(2.0),14600,7800
ConstantRate(2.0),14700,7850
ConstantRate(2.0),14800,7900
ConstantRate(2.0),14900,7950
ConstantRate(2.0),15000,8000
ConstantRate(2.0),15100,8050
ConstantRate(2.0),15200,8100
ConstantRate(2.0),15300,8150
ConstantRate(2.0),15400,8200
ConstantRate(2.0),15500,8250
ConstantRate(2.0),15600,8300
ConstantRate(2.0),15700,8350
ConstantRate(2.0),15800,8400
ConstantRate(2.0),15900,8450
ConstantRate(2.0),16000,8500
ConstantRate(2.0),16100,8550
ConstantRate(2.0),16200,8600
ConstantRate(2.0),16300,8650
ConstantRate(2.0),16400,8700
ConstantRate(2.0),16500,8750
ConstantRate(2.0),16600,8800
ConstantRate(2.0),16700,8850
ConstantRate(2.0),16800,8900
ConstantRate(2.0),16900,8950
ConstantRate(2.0),17000,9000
ConstantRate(2.0),17100,9050
ConstantRate(2.0),17200,9100
ConstantRate(2.0),17300,9150
ConstantRate(2.0),17400,9200
ConstantRate(2.0),17500,9250
ConstantRate(2.0),17600,9300
ConstantRate(2.0),17700,9350
ConstantRate(2.0),17800,9400
ConstantRate(2.0),17900,9450
ConstantRate(2.0),18000,9500
ConstantRate(2.0),18100,9550
ConstantRate(2.0),18200,9600
ConstantRate(2.0),18300,9650
ConstantRate(2.0),18400,9700
ConstantRate(2.0),18500,9750
ConstantRate(2.0),18600,9800
ConstantRate(2.0),18700,9850
ConstantRate(2.0),18800,9900
ConstantRate(2.0),18900,9950
ConstantRate(2.0),19000,10000
ConstantRate(2.0),19100,10050
ConstantRate(2.0),19200,10100
ConstantRate(2.0),19300,10150
ConstantRate(2.0),19400,10200
ConstantRate(2.0),19500,10250
ConstantRate(2.0),19600,10300
ConstantRate(2.0),19700,10350
ConstantRate(2.0),19800,10400
ConstantRate(2.0),19900,10450
ConstantRate(2.0),20000,10500
ConstantRate(2.0),20100,10550
ConstantRate(2.0),20200,10600
ConstantRate(2.0),20300,10650
ConstantRate(2.0),20400,10700
ConstantRate(2.0),20500,10750
ConstantRate(2.0),20600,10800
ConstantRate(2.0),20700,10850
ConstantRate(2.0),20800,10900
ConstantRate(2.0),20900,10950
ConstantRate(2.0),21000,11000
ConstantRate(2.0),21100,11050
ConstantRate(2.0),21200,11100
ConstantRate(2.0),21300,11150
ConstantRate(2.0),21400,11200
ConstantRate(2.0),21500,11250
ConstantRate(2.0),21600,11300
ConstantRate(2.0),21700,11350
ConstantRate(2.0),21800,11400
ConstantRate(2.0),21900,11450
ConstantRate(2.0),22000,11500
ConstantRate(2.0),22100,11550
ConstantRate(2.0),22200,11600
ConstantRate(2.0),22300,11650
ConstantRate(2.0),22400,11700
ConstantRate(2.0),22500,11750
ConstantRate(2.0),22600,11800
ConstantRate(2.0),22700,11850
ConstantRate(2.0),22800,11900
ConstantRate(2.0),22900,11950
ConstantRate(2.0),23000,12000
ConstantRate(2.0),23100,12050
ConstantRate(2.0),23200,12100
ConstantRate(2.0),23300,12150
ConstantRate(2.0),23400,12200
ConstantRate(2.0),23500,12250
ConstantRate(2.0),23600,12300
ConstantRate(2.0),23700,12350
ConstantRate(2.0),23800,12400
ConstantRate(2.0),23900,12450
ConstantRate(2.0),24000,12500
ConstantRate(2.0),24100,12550
ConstantRate(2.0),24200,12600
ConstantRate(2.0),24300,12650
ConstantRate(2.0),24400,12700
ConstantRate(2.0),24500,12750
ConstantRate(2.0),24600,12800
ConstantRate(2.0),24700,12850
ConstantRate(2.0),24800,12900
ConstantRate(2.0),24900,12950
ConstantRate(2.0),25000,13000
ConstantRate(2.0),25100,13050
ConstantRate(2.0),25200,13100
ConstantRate(2.0),25300,13150
ConstantRate(2.0),25400,13200
ConstantRate(2.0),25500,13250
ConstantRate(2.0),25600,13300
ConstantRate(2.0),25700,13350
ConstantRate(2.0),25800,13400
ConstantRate(2.0),25900,13450
ConstantRate(2.0),26000,13500
ConstantRate(2.0),26100,13550
ConstantRate(2.0),26200,13600
ConstantRate(2.0),26300,13650
ConstantRate(2.0),26400,13700
ConstantRate(2.0),26500,13750
ConstantRate(2.0),26600,13800
ConstantRate(2.0),26700,13850
ConstantRate(2.0),26800,13900
ConstantRate(2.0),26900,13950
ConstantRate(2.0),27000,14000
ConstantRate(2.0),27100,14050
ConstantRate(2.0),27200,14100
ConstantRate(2.0),27300,14150
ConstantRate(2.0),27400,14200
ConstantRate(2.0),27500,14250
ConstantRate(2.0),27600,14300
ConstantRate(2.0),27700,14350
ConstantRate(2.0),27800,14400
ConstantRate(2.0),27900,14450
ConstantRate(2.0),28000,14500
ConstantRate(2.0),28100,14550
ConstantRate(2.0),28200,14600
ConstantRate(2.0),28300,14650
ConstantRate(2.0),28400,14700
ConstantRate(2.0),28500,14750
ConstantRate(2.0),28600,14800
ConstantRate(2.0),28700,14850
ConstantRate(2.0),28800,14900
ConstantRate(2.0),28900,14950
ConstantRate(2.0),29000,15000
ConstantRate(2.0),29100,15050
ConstantRate(2.0),29200,15100
ConstantRate(2.0),29300,15150
ConstantRate(2.0),29400,15200
ConstantRate(2.0),29500,15250
ConstantRate(2.0),29600,15300
ConstantRate(2.0),29700,15350
ConstantRate(2.0),29800,15400
ConstantRate(2.0),29900,15450
ConstantRate(2.0),30000,15500
ConstantRate(2.0),30100,15550
ConstantRate(2.0),30200,15600
ConstantRate(2.0),30300,15650
ConstantRate(2.0),30400,15700
ConstantRate(2.0),30500,15750
ConstantRate(2.0),30600,15800
ConstantRate(2.0),30700,15850
ConstantRate(2.0),30800,15900
ConstantRate(2.0),30900,15950
ConstantRate(2.0),31000,16000
ConstantRate(2.0),31100,16050
ConstantRate(2.0),31200,16100
ConstantRate(2.0),31300,16150
ConstantRate(2.0),31400,16200
ConstantRate(2.0),31500,16250
ConstantRate(2.0),31600,16300
ConstantRate(2.0),31700,16350
ConstantRate(2.0),31800,16400
ConstantRate(2.0),31900,16450
ConstantRate(2.0),32000,16500
ConstantRate(2.0),32100,16550
ConstantRate(2.0),32200,16600
ConstantRate(2.0),32300,16650
ConstantRate(2.0),32400,16700
ConstantRate(2.0),32500,16750
ConstantRate(2.0),32600,16800
ConstantRate(2.0),32700,16850
ConstantRate(2.0),32800,16900
ConstantRate(2.0),32900,16950
ConstantRate(2.0),33000,17000
ConstantRate(2.0),33100,17050
ConstantRate(2.0),33200,17100
ConstantRate(2.0),33300,17150
ConstantRate(2.0),33400,17200
ConstantRate(2.0),33500,17250
ConstantRate(2.0),33600,17300
ConstantRate(2.0),33700,17350
ConstantRate(2.0),33800,17400
ConstantRate(2.0),33900,17450
ConstantRate(2.0),34000,17500
ConstantRate(2.0),34100,17550
ConstantRate(2.0),34200,17600
ConstantRate(2.0),34300,17650
ConstantRate(2.0),34400,17700
ConstantRate(2.0),34500,17750
ConstantRate(2.0),34600,17800
ConstantRate(2.0),34700,17850
ConstantRate(2.0),34800,17900
ConstantRate(2.0),34900,17950
ConstantRate(2.0),35000,18000
ConstantRate(2.0),35100,18050
ConstantRate(2.0),35200,18100
ConstantRate(2.0),35300,18150
ConstantRate(2.0),35400,18200
ConstantRate(2.0),35500,18250
ConstantRate(2.0),35600,18300
ConstantRate(2.0),35700,18350
ConstantRate(2.0),35800,18400
ConstantRate(2.0),35900,18450
ConstantRate(2.0),36000,18500
ConstantRate(2.0),36100,18550
ConstantRate(2.0),36200,18600
ConstantRate(2.0),36300,18650
ConstantRate(2.0),36400,18700
ConstantRate(2.0),36500,18750
ConstantRate(2.0),36600,18800
ConstantRate(2.0),36700,18850
ConstantRate(2.0),36800,18900
ConstantRate(2.0),36900,18950
ConstantRate(2.0),37000,19000
ConstantRate(2.0),37100,19050
ConstantRate(2.0),37200,19100
ConstantRate(2.0),37300,19150
ConstantRate(2.0),37400,19200
ConstantRate(2.0),37500,19250
ConstantRate(2.0),37600,19300
ConstantRate(2.0),37700,19350
ConstantRate(2.0),37800,19400
ConstantRate(2.0),37900,19450
ConstantRate(2.0),38000,19500
ConstantRate(2.0),38100,19550
ConstantRate(2.0),38200,19600
ConstantRate(2.0),38300,19650
ConstantRate(2.0),38400,19700
ConstantRate(2.0),38500,19750
ConstantRate(2.0),38600,19800
ConstantRate(2.0),38700,19850
ConstantRate(2.0),38800,19900
ConstantRate(2.0),38900,19950
ConstantRate(2.0),39000,20000
ConstantRate(2.0),39100,20050
ConstantRate(2.0),39200,20100
ConstantRate(2.0),39300,20150
ConstantRate(2.0),39400,20200
ConstantRate(2.0),39500,20250
ConstantRate(2.0),39600,20300
ConstantRate(2.0),39700,20350
ConstantRate(2.0),39800,20400
ConstantRate(2.0),39900,20450
ConstantRate(2.0),40000,20500
ConstantRate(2.0),40100,20550
ConstantRate(2.0),40200,20600
ConstantRate(2.0),40300,20650
ConstantRate(2.0),40400,20700
ConstantRate(2.0),40500,20750
ConstantRate(2.0),40600,20800
ConstantRate(2.0),40700,20850
ConstantRate(2.0),40800,20900
ConstantRate(2.0),40900,20950
ConstantRate(2.0),41000,21000
ConstantRate(2.0),41100,21050
ConstantRate(2.0),41200,21100
ConstantRate(2.0),41300,21150
ConstantRate(2.0),41400,21200
ConstantRate(2.0),41500,21250
ConstantRate(2.0),41600,21300
ConstantRate(2.0),41700,21350
ConstantRate(2.0),41800,21400
ConstantRate(2.0),41900,21450
ConstantRate(2.0),42000,21500
ConstantRate(2.0),42100,21550
ConstantRate(2.0),42200,21600
ConstantRate(2.0),42300,21650
ConstantRate(2.0),42400,21700
ConstantRate(2.0),42500,21750
ConstantRate(2.0),42600,21800
ConstantRate(2.0),42700,21850
ConstantRate(2.0),42800,21900
ConstantRate(2.0),42900,21950
ConstantRate(2.0),43000,22000
ConstantRate(2.0),43100,22050
ConstantRate(2.0),43200,22100
ConstantRate(2.0),43300,22150
ConstantRate(2.0),43400,22200
ConstantRate(2.0),43500,22250
ConstantRate(2.0),43600,22300
ConstantRate(2.0),43700,22350
ConstantRate(2.0),43800,22400
ConstantRate(2.0),43900,22450
ConstantRate(2.0),44000,22500
ConstantRate(2.0),44100,22550
ConstantRate(2.0),44200,22600
ConstantRate(2.0),44300,22650
ConstantRate(2.0),44400,22700
ConstantRate(2.0),44500,22750
ConstantRate(2.0),44600,22800
ConstantRate(2.0),44700,22850
ConstantRate(2.0),44800,22900
ConstantRate(2.0),44900,22950
ConstantRate(2.0),45000,23000
ConstantRate(2.0),45100,23050
ConstantRate(2.0),45200,23100
ConstantRate(2.0),45300,23150
ConstantRate(2.0),45400,23200
ConstantRate(2.0),45500,23250
ConstantRate(2.0),45600,23300
ConstantRate(2.0),45700,23350
ConstantRate(2.0),45800,23400
ConstantRate(2.0),45900,23450
ConstantRate(2.0),46000,23500
ConstantRate(2.0),46100,23550
ConstantRate(2.0),46200,23600
ConstantRate(2.0),46300,23650
ConstantRate(2.0),46400,23700
ConstantRate(2.0),46500,23750
ConstantRate(2.0),46600,23800
ConstantRate(2.0),46700,23850
ConstantRate(2.0),46800,23900
ConstantRate(2.0),46900,23950
ConstantRate(2.0),47000,24000
ConstantRate(2.0),47100,24050
ConstantRate(2.0),47200,24100
ConstantRate(2.0),47300,24150
ConstantRate(2.0),47400,24200
ConstantRate(2.0),47500,24250
ConstantRate(2.0),47600,24300
ConstantRate(2.0),47700,24350
ConstantRate(2.0),47800,24400
ConstantRate(2.0),47900,24450
ConstantRate(2.0),48000,24500
ConstantRate(2.0),48100,24550
ConstantRate(2.0),48200,24600
ConstantRate(2.0),48300,24650
ConstantRate(2.0),48400,24700
ConstantRate(2.0),48500,24750
ConstantRate(2.0),48600,24800
ConstantRate(2.0),48700,24850
ConstantRate(2.0),48800,24900
ConstantRate(2.0),48900,24950
ConstantRate(2.0),49000,25000
ConstantRate(2.0),49100,25050
ConstantRate(2.0),49200,25100
ConstantRate(2.0),49300,25150
ConstantRate(2.0),49400,25200
ConstantRate(2.0),49500,25250
ConstantRate(2.0),49600,25300
ConstantRate(2.0),49700,25350
ConstantRate(2.0),49800,25400
ConstantRate(2.0),49900,25450
ConstantRate(2.0),50000,25500
ConstantRate(2.0),50100,25550
ConstantRate(2.0),50200,25600
ConstantRate(2.0),50300,25650
ConstantRate(2.0),50400,25700
ConstantRate(2.0),50500,25750
ConstantRate(2.0),50600,25800
ConstantRate(2.0),50700,25850
ConstantRate(2.0),50800,25900
ConstantRate(2.0),50900,25950
ConstantRate(2.0),51000,26000
ConstantRate(2.0),51100,26050
ConstantRate(2.0),51200,26100
ConstantRate(2.0),51300,26150
ConstantRate(2.0),51400,26200
ConstantRate(2.0),51500,26250
ConstantRate(2.0),51600,26300
ConstantRate(2.0),51700,26350
ConstantRate(2.0),51800,26400
ConstantRate(2.0),51900,26450
ConstantRate(2.0),52000,26500
ConstantRate(2.0),52100,26550
ConstantRate(2.0),52200,26600
ConstantRate(2.0),52300,26650
ConstantRate(2.0),52400,26700
ConstantRate(2.0),52500,26750
ConstantRate(2.0),52600,26800
ConstantRate(2.0),52700,26850
ConstantRate(2.0),52800,26900
ConstantRate(2.0),52900,26950
ConstantRate(2.0),53000,27000
ConstantRate(2.0),53100,27050
ConstantRate(2.0),53200,27100
ConstantRate(2.0),53300,27150
ConstantRate(2.0),53400,27200
ConstantRate(2.0),53500,27250
ConstantRate(2.0),53600,27300
ConstantRate(2.0),53700,27350
ConstantRate(2.0),53800,27400
ConstantRate(2.0),53900,27450
ConstantRate(2.0),54000,27500
ConstantRate(2.0),54100,27550
ConstantRate(2.0),54200,27600
ConstantRate(2.0),54300,27650
ConstantRate(2.0),54400,27700
ConstantRate(2.0),54500,27750
ConstantRate(2.0),54600,27800
ConstantRate(2.0),54700,27850
ConstantRate(2.0),54800,27900
ConstantRate(2.0),54900,27950
ConstantRate(2.0),55000,28000
ConstantRate(2.0),55100,28050
ConstantRate(2.0),55200,28100
ConstantRate(2.0),55300,28150
ConstantRate(2.0),55400,28200
ConstantRate(2.0),55500,28250
ConstantRate(2.0),55600,28300
ConstantRate(2.0),55700,28350
ConstantRate(2.0),55800,28400
ConstantRate(2.0),55900,28450
ConstantRate(2.0),56000,28500
ConstantRate(2.0),56100,28550
ConstantRate(2.0),56200,28600
ConstantRate(2.0),56300,28650
ConstantRate(2.0),56400,28700
ConstantRate(2.0),56500,28750
ConstantRate(2.0),56600,28800
ConstantRate(2.0),56700,28850
ConstantRate(2.0),56800,28900
ConstantRate(2.0),56900,28950
ConstantRate(2.0),57000,29000
ConstantRate(2.0),57100,29050
ConstantRate(2.0),57200,29100
ConstantRate(2.0),57300,29150
ConstantRate(2.0),57400,29200
ConstantRate(2.0),57500,29250
ConstantRate(2.0),57600,29300
ConstantRate(2.0),57700,29350
ConstantRate(2.0),57800,29400
ConstantRate(2.0),57900,29450
ConstantRate(2.0),58000,29500
ConstantRate(2.0),58100,29550
ConstantRate(2.0),58200,29600
ConstantRate(2.0),58300,29650
ConstantRate(2.0),58400,29700
ConstantRate(2.0),58500,29750
ConstantRate(2.0),58600,29800
ConstantRate(2.0),58700,29850
ConstantRate(2.0),58800,29900
ConstantRate(2.0),58900,29950
ConstantRate(2.0),59000,30000
ConstantRate(2.0),59100,30050
ConstantRate(2.0),59200,30100
ConstantRate(2.0),59300,30150
ConstantRate(2.0),59400,30200
ConstantRate(2.0),59500,30250
ConstantRate(2.0),59600,30300
ConstantRate(2.0),59700,30350
ConstantRate(2.0),59800,30400
ConstantRate(2.0),59900,30450
ConstantRate(2.0),60000,30500
ConstantRate(2.0),60100,30550
ConstantRate(2.0),60200,30600
ConstantRate(2.0),60300,30650
ConstantRate(2.0),60400,30700
ConstantRate(2.0),60500,30750
ConstantRate(2.0),60600,30800
ConstantRate(2.0),60700,30850
ConstantRate(2.0),60800,30900
ConstantRate(2.0),60900,30950
ConstantRate(2.0),61000,31000
ConstantRate(2.0),61100,31050
ConstantRate(2.0),61200,31100
ConstantRate(2.0),61300,31150
ConstantRate(2.0),61400,31200
ConstantRate(2.0),61500,31250
ConstantRate(2.0),61600,31300
ConstantRate(2.0),61700,31350
ConstantRate(2.0),61800,31400
ConstantRate(2.0),61900,31450
ConstantRate(2.0),62000,31500
ConstantRate(2.0),62100,31550
ConstantRate(2.0),62200,31600
ConstantRate(2.0),62300,31650
ConstantRate(2.0),62400,31700
ConstantRate(2.0),62500,31750
ConstantRate(2.0),62600,31800
ConstantRate(2.0),62700,31850
ConstantRate(2.0),62800,31900
ConstantRate(2.0),62900,31950
ConstantRate(2.0),63000,32000
ConstantRate(2.0),63100,32050
ConstantRate(2.0),63200,32100
ConstantRate(2.0),63300,32150
ConstantRate(2.0),63400,32200
ConstantRate(2.0),63500,32250
ConstantRate(2.0),63600,32300
ConstantRate(2.0),63700,32350
ConstantRate(2.0),63800,32400
ConstantRate(2.0),63900,32450
ConstantRate(2.0),64000,32500
ConstantRate(2.0),64100,32550
ConstantRate(2.0),64200,32600
ConstantRate(2.0),64300,32650
ConstantRate(2.0),64400,32700
ConstantRate(2.0),64500,32750
ConstantRate(2.0),64600,32800
ConstantRate(2.0),64700,32850
ConstantRate(2.0),64800,32900
ConstantRate(2.0),64900,32950
ConstantRate(2.0),65000,33000
ConstantRate(2.0),65100,33050
ConstantRate(2.0),65200,33100
ConstantRate(2.0),65300,33150
ConstantRate(2.0),65400,33200
ConstantRate(2.0),65500,33250
ConstantRate(2.0),65600,33300
ConstantRate(2.0),65700,33350
ConstantRate(2.0),65800,33400
ConstantRate(2.0),65900,33450
ConstantRate(2.0),66000,33500
ConstantRate(2.0),66100,33550
ConstantRate(2.0),66200,33600
ConstantRate(2.0),66300,33650
ConstantRate(2.0),66400,33700
ConstantRate(2.0),66500,33750
ConstantRate(2.0),66600,33800
ConstantRate(2.0),66700,33850
ConstantRate(2.0),66800,33900
ConstantRate(2.0),66900,33950
ConstantRate(2.0),67000,34000
ConstantRate(2.0),67100,34050
ConstantRate(2.0),67200,34100
ConstantRate(2.0),67300,34150
ConstantRate(2.0),67400,34200
ConstantRate(2.0),67500,34250
ConstantRate(2.0),67600,34300
ConstantRate(2.0),67700,34350
ConstantRate(2.0),67800,34400
ConstantRate(2.0),67900,34450
ConstantRate(2.0),68000,34500
ConstantRate(2.0),68100,34550
ConstantRate(2.0),68200,34600
ConstantRate(2.0),68300,34650
ConstantRate(2.0),68400,34700
ConstantRate(2.0),68500,34750
ConstantRate(2.0),68600,34800
ConstantRate(2.0),68700,34850
ConstantRate(2.0),68800,34900
ConstantRate(2.0),68900,34950
ConstantRate(2.0),69000,35000
ConstantRate(2.0),69100,35050
ConstantRate(2.0),69200,35100
ConstantRate(2.0),69300,35150
ConstantRate(2.0),69400,35200
ConstantRate(2.0),69500,35250
ConstantRate(2.0),69600,35300
ConstantRate(2.0),69700,35350
ConstantRate(2.0),69800,35400
ConstantRate(2.0),69900,35450
ConstantRate(2.0),70000,35500
ConstantRate(2.0),70100,35550
ConstantRate(2.0),70200,35600
ConstantRate(2.0),70300,35650
ConstantRate(2.0),70400,35700
ConstantRate(2.0),70500,35750
ConstantRate(2.0),70600,35800
ConstantRate(2.0),70700,35850
ConstantRate(2.0),70800,35900
ConstantRate(2.0),70900,35950
ConstantRate(2.0),71000,36000
ConstantRate(2.0),71100,36050
ConstantRate(2.0),71200,36100
ConstantRate(2.0),71300,36150
ConstantRate(2.0),71400,36200
ConstantRate(2.0),71500,36250
ConstantRate(2.0),71600,36300
ConstantRate(2.0),71700,36350
ConstantRate(2.0),71800,36400
ConstantRate(2.0),71900,36450
ConstantRate(2.0),72000,36500
ConstantRate(2.0),72100,36550
ConstantRate(2.0),72200,36600
ConstantRate(2.0),72300,36650
ConstantRate(2.0),72400,36700
ConstantRate(2.0),72500,36750
ConstantRate(2.0),72600,36800
ConstantRate(2.0),72700,36850
ConstantRate(2.0),72800,36900
ConstantRate(2.0),72900,36950
ConstantRate(2.0),73000,37000
ConstantRate(2.0),73100,37050
ConstantRate(2.0),73200,37100
ConstantRate(2.0),73300,37150
ConstantRate(2.0),73400,37200
ConstantRate(2.0),73500,37250
ConstantRate(2.0),73600,37300
ConstantRate(2.0),73700,37350
ConstantRate(2.0),73800,37400
ConstantRate(2.0),73900,37450
ConstantRate(2.0),74000,37500
ConstantRate(2.0),74100,37550
ConstantRate(2.0),74200,37600
ConstantRate(2.0),74300,37650
ConstantRate(2.0),74400,37700
ConstantRate(2.0),74500,37750
ConstantRate(2.0),74600,37800
ConstantRate(2.0),74700,37850
ConstantRate(2.0),74800,37900
ConstantRate(2.0),74900,37950
ConstantRate(2.0),75000,38000
ConstantRate(2.0),75100,38050
ConstantRate(2.0),75200,38100
ConstantRate(2.0),75300,38150
ConstantRate(2.0),75400,38200
ConstantRate(2.0),75500,38250
ConstantRate(2.0),75600,38300
ConstantRate(2.0),75700,38350
ConstantRate(2.0),75800,38400
ConstantRate(2.0),75900,38450
ConstantRate(2.0),76000,38500
ConstantRate(2.0),76100,38550
ConstantRate(2.0),76200,38600
ConstantRate(2.0),76300,38650
ConstantRate(2.0),76400,38700
ConstantRate(2.0),76500,38750
ConstantRate(2.0),76600,38800
ConstantRate(2.0),76700,38850
ConstantRate(2.0),76800,38900
ConstantRate(2.0),76900,38950
ConstantRate(2.0),77000,39000
ConstantRate(2.0),77100,39050
ConstantRate(2.0),77200,39100
ConstantRate(2.0),77300,39150
ConstantRate(2.0),77400,39200
ConstantRate(2.0),77500,39250
ConstantRate(2.0),77600,39300
ConstantRate(2.0),77700,39350
ConstantRate(2.0),77800,39400
ConstantRate(2.0),77900,39450
ConstantRate(2.0),78000,39500
ConstantRate(2.0),78100,39550
ConstantRate(2.0),78200,39600
ConstantRate(2.0),78300,39650
ConstantRate(2.0),78400,39700
ConstantRate(2.0),78500,39750
ConstantRate(2.0),78600,39800
ConstantRate(2.0),78700,39850
ConstantRate(2.0),78800,39900
ConstantRate(2.0),78900,39950
ConstantRate(2.0),79000,40000
ConstantRate(2.0),79100,40050
ConstantRate(2.0),79200,40100
ConstantRate(2.0),79300,40150
ConstantRate(2.0),79400,40200
ConstantRate(2.0),79500,40250
ConstantRate(2.0),79600,40300
ConstantRate(2.0),79700,40350
ConstantRate(2.0),79800,40400
ConstantRate(2.0),79900,40450
ConstantRate(2.0),80000,40500
ConstantRate(2.0),80100,40550
ConstantRate(2.0),80200,40600
ConstantRate(2.0),80300,40650
ConstantRate(2.0),80400,40700
ConstantRate(2.0),80500,40750
ConstantRate(2.0),80600,40800
ConstantRate(2.0),80700,40850
ConstantRate(2.0),80800,40900
ConstantRate(2.0),80900,40950
ConstantRate(2.0),81000,41000
ConstantRate(2.0),81100,41050
ConstantRate(2.0),81200,41100
ConstantRate(2.0),81300,41150
ConstantRate(2.0),81400,41200
ConstantRate(2.0),81500,41250
ConstantRate(2.0),81600,41300
ConstantRate(2.0),81700,41350
ConstantRate(2.0),81800,41400
ConstantRate(2.0),81900,41450
ConstantRate(2.0),82000,41500
ConstantRate(2.0),82100,41550
ConstantRate(2.0),82200,41600
ConstantRate(2.0),82300,41650
ConstantRate(2.0),82400,41700
ConstantRate(2.0),82500,41750
ConstantRate(2.0),82600,41800
ConstantRate(2.0),82700,41850
ConstantRate(2.0),82800,41900
ConstantRate(2.0),82900,41950
ConstantRate(2.0),83000,42000
ConstantRate(2.0),83100,42050
ConstantRate(2.0),83200,42100
ConstantRate(2.0),83300,42150
ConstantRate(2.0),83400,42200
ConstantRate(2.0),83500,42250
ConstantRate(2.0),83600,42300
ConstantRate(2.0),83700,42350
ConstantRate(2.0),83800,42400
ConstantRate(2.0),83900,42450
ConstantRate(2.0),84000,42500
ConstantRate(2.0),84100,42550
ConstantRate(2.0),84200,42600
ConstantRate(2.0),84300,42650
ConstantRate(2.0),84400,42700
ConstantRate(2.0),84500,42750
ConstantRate(2.0),84600,42800
ConstantRate(2.0),84700,42850
ConstantRate(2.0),84800,42900
ConstantRate(2.0),84900,42950
ConstantRate(2.0),85000,43000
ConstantRate(2.0),85100,43050
ConstantRate(2.0),85200,43100
ConstantRate(2.0),85300,43150
ConstantRate(2.0),85400,43200
ConstantRate(2.0),85500,43250
ConstantRate(2.0),85600,43300
ConstantRate(2.0),85700,43350
ConstantRate(2.0),85800,43400
ConstantRate(2.0),85900,43450
ConstantRate(2.0),86000,43500
ConstantRate(2.0),86100,43550
ConstantRate(2.0),86200,43600
ConstantRate(2.0),86300,43650
ConstantRate(2.0),86400,43700
ConstantRate(2.0),86500,43750
ConstantRate(2.0),86600,43800
ConstantRate(2.0),86700,43850
ConstantRate(2.0),86800,43900
ConstantRate(2.0),86900,43950
ConstantRate(2.0),87000,44000
ConstantRate(2.0),87100,44050
ConstantRate(2.0),87200,44100
ConstantRate(2.0),87300,44150
ConstantRate(2.0),87400,44200
ConstantRate(2.0),87500,44250
ConstantRate(2.0),87600,44300
ConstantRate(2.0),87700,44350
ConstantRate(2.0),87800,44400
ConstantRate(2.0),87900,44450
ConstantRate(2.0),88000,44500
ConstantRate(2.0),88100,44550
ConstantRate(2.0),88200,44600
ConstantRate(2.0),88300,44650
ConstantRate(2.0),88400,44700
ConstantRate(2.0),88500,44750
ConstantRate(2.0),88600,44800
ConstantRate(2.0),88700,44850
ConstantRate(2.0),88800,44900
ConstantRate(2.0),88900,44950
ConstantRate(2.0),89000,45000
ConstantRate(2.0),89100,45050
ConstantRate(2.0),89200,45100
ConstantRate(2.0),89300,45150
ConstantRate(2.0),89400,45200
ConstantRate(2.0),89500,45250
ConstantRate(2.0),89600,45300
ConstantRate(2.0),89700,45350
ConstantRate(2.0),89800,45400
ConstantRate(2.0),89900,45450
ConstantRate(2.0),90000,45500
ConstantRate(2.0),90100,45550
ConstantRate(2.0),90200,45600
ConstantRate(2.0),90300,45650
ConstantRate(2.0),90400,45700
ConstantRate(2.0),90500,45750
ConstantRate(2.0),90600,45800
ConstantRate(2.0),90700,45850
ConstantRate(2.0),90800,45900
ConstantRate(2.0),90900,45950
ConstantRate(2.0),91000,46000
ConstantRate(2.0),91100,46050
ConstantRate(2.0),91200,46100
ConstantRate(2.0),91300,46150
ConstantRate(2.0),91400,46200
ConstantRate(2.0),91500,46250
ConstantRate(2.0),91600,46300
ConstantRate(2.0),91700,46350
ConstantRate(2.0),91800,46400
ConstantRate(2.0),91900,46450
ConstantRate(2.0),92000,46500
ConstantRate(2.0),92100,46550
ConstantRate(2.0),92200,46600
ConstantRate(2.0),92300,46650
ConstantRate(2.0),92400,46700
ConstantRate(2.0),92500,46750
ConstantRate(2.0),92600,46800
ConstantRate(2.0),92700,46850
ConstantRate(2.0),92800,46900
ConstantRate(2.0),92900,46950
ConstantRate(2.0),93000,47000
ConstantRate(2.0),93100,47050
ConstantRate(2.0),93200,47100
ConstantRate(2.0),93300,47150
ConstantRate(2.0),93400,47200
ConstantRate(2.0),93500,47250
ConstantRate(2.0),93600,47300
ConstantRate(2.0),93700,47350
ConstantRate(2.0),93800,47400
ConstantRate(2.0),93900,47450
ConstantRate(2.0),94000,47500
ConstantRate(2.0),94100,47550
ConstantRate(2.0),94200,47600
ConstantRate(2.0),94300,47650
ConstantRate(2.0),94400,47700
ConstantRate(2.0),94500,47750
ConstantRate(2.0),94600,47800
ConstantRate(2.0),94700,47850
ConstantRate(2.0),94800,47900
ConstantRate(2.0),94900,47950
ConstantRate(2.0),95000,48000
ConstantRate(2.0),95100,48050
ConstantRate(2.0),95200,48100
ConstantRate(2.0),95300,48150
ConstantRate(2.0),95400,48200
ConstantRate(2.0),95500,48250
ConstantRate(2.0),95600,48300
ConstantRate(2.0),95700,48350
ConstantRate(2.0),95800,48400
ConstantRate(2.0),95900,48450
ConstantRate(2.0),96000,48500
ConstantRate(2.0),96100,48550
ConstantRate(2.0),96200,48600
ConstantRate(2.0),96300,48650
ConstantRate(2.0),96400,48700
ConstantRate(2.0),96500,48750
ConstantRate(2.0),96600,48800
ConstantRate(2.0),96700,48850
ConstantRate(2.0),96800,48900
ConstantRate(2.0),96900,48950
ConstantRate(2.0),97000,49000
ConstantRate(2.0),97100,49050
ConstantRate(2.0),97200,49100
ConstantRate(2.0),97300,49150
ConstantRate(2.0),97400,49200
ConstantRate(2.0),97500,49250
ConstantRate(2.0),97600,49300
ConstantRate(2.0),97700,49350
ConstantRate(2.0),97800,49400
ConstantRate(2.0),97900,49450
ConstantRate(2.0),98000,49500
ConstantRate(2.0),98100,49550
ConstantRate(2.0),98200,49600
ConstantRate(2.0),98300,49650
ConstantRate(2.0),98400,49700
ConstantRate(2.0),98500,49750
ConstantRate(2.0),98600,49800
ConstantRate(2.0),98700,49850
ConstantRate(2.0),98800,49900
ConstantRate(2.0),98900,49950
ConstantRate(2.0),99000,50000
ConstantRate(2.0),99100,50050
ConstantRate(2.0),99200,50100
ConstantRate(2.0),99300,50150
ConstantRate(2.0),99400,50200
ConstantRate(2.0),99500,50250
ConstantRate(2.0),99600,50300
ConstantRate(2.0),99700,50350
ConstantRate(2.0),99800,50400
ConstantRate(2.0),99900,50450
ConstantRate(2.0),100000,50500
ConstantRate(2.0),100100,50550
ConstantRate(2.0),100200,50600
ConstantRate(2.0),100300,50650
ConstantRate(2.0),100400,50700
ConstantRate(2.0),100500,50750
ConstantRate(2.0),100600,50800
ConstantRate(2.0),100700,50850
ConstantRate(2.0),100800,50900
ConstantRate(2.0),100900,50950
Fluctuating,1000,1000
Fluctuating,1100,1050
Fluctuating,1200,1100
Fluctuating,1300,1150
Fluctuating,1400,1200
Fluctuating,1500,1250
Fluctuating,1600,1300
Fluctuating,1700,1350
Fluctuating,1800,1400
Fluctuating,1900,1450
Fluctuating,2000,1500
Fluctuating,2100,1550
Fluctuating,2200,1600
Fluctuating,2300,1650
Fluctuating,2400,1700
Fluctuating,2500,1750
Fluctuating,2600,1800
Fluctuating,2700,1850
Fluctuating,2800,1900
Fluctuating,2900,1950
Fluctuating,3000,2000
Fluctuating,3100,2050
Fluctuating,3200,2100
Fluctuating,3300,2150
Fluctuating,3400,2200
Fluctuating,3500,2250
Fluctuating,3600,2300
Fluctuating,3700,2350
Fluctuating,3800,2400
Fluctuating,3900,2450
Fluctuating,4000,2500
Fluctuating,4100,2550
Fluctuating,4200,2600
Fluctuating,4300,2650
Fluctuating,4400,2700
Fluctuating,4500,2750
Fluctuating,4600,2800
Fluctuating,4700,2850
Fluctuating,4800,2900
Fluctuating,4900,2950
Fluctuating,5000,3000
Fluctuating,5100,3050
Fluctuating,5200,3100
Fluctuating,5300,3150
Fluctuating,5400,3200
Fluctuating,5500,3250
Fluctuating,5600,3300
Fluctuating,5700,3350
Fluctuating,5800,3400
Fluctuating,5900,3450
Fluctuating,6000,3500
Fluctuating,6100,3550
Fluctuating,6200,3600
Fluctuating,6300,3650
Fluctuating,6400,3700
Fluctuating,6500,3750
Fluctuating,6600,3800
Fluctuating,6700,3850
Fluctuating,6800,3900
Fluctuating,6900,3950
Fluctuating,7000,4000
Fluctuating,7100,4050
Fluctuating,7200,4100
Fluctuating,7300,4150
Fluctuating,7400,4200
Fluctuating,7500,4250
Fluctuating,7600,4300
Fluctuating,7700,4350
Fluctuating,7800,4400
Fluctuating,7900,4450
Fluctuating,8000,4500
Fluctuating,8100,4550
Fluctuating,8200,4600
Fluctuating,8300,4650
Fluctuating,8400,4700
Fluctuating,8500,4750
Fluctuating,8600,4800
Fluctuating,8700,4850
Fluctuating,8800,4900
Fluctuating,8900,4950
Fluctuating,9000,5000
Fluctuating,9100,5050
Fluctuating,9200,5100
Fluctuating,9300,5150
Fluctuating,9400,5200
Fluctuating,9500,5250
Fluctuating,9600,5300
Fluctuating,9700,5350
Fluctuating,9800,5400
Fluctuating,9900,5450
Fluctuating,10000,5500
Fluctuating,10100,5550
Fluctuating,10200,5600
Fluctuating,10300,5650
Fluctuating,10400,5700
Fluctuating,10500,5750
Fluctuating,10600,5800
Fluctuating,10700,5850
Fluctuating,10800,5900
Fluctuating,10900,5950
Fluctuating,11000,6000
Fluctuating,11250,6050
Fluctuating,11500,6100
Fluctuating,11750,6150
Fluctuating,12000,6200
Fluctuating,12250,6250
Fluctuating,12500,6300
Fluctuating,12750,6350
Fluctuating,13000,6400
Fluctuating,13250,6450
Fluctuating,13500,6500
Fluctuating,13750,6550
Fluctuating,14000,6600
Fluctuating,14250,6650
Fluctuating,14500,6700
Fluctuating,14750,6750
Fluctuating,15000,6800
Fluctuating,15250,6850
Fluctuating,15500,6900
Fluctuating,15750,6950
Fluctuating,16000,7000
Fluctuating,16250,7050
Fluctuating,16500,7100
Fluctuating,16750,7150
Fluctuating,17000,7200
Fluctuating,17250,7250
Fluctuating,17500,7300
Fluctuating,17750,7350
Fluctuating,18000,7400
Fluctuating,18250,7450
Fluctuating,18500,7500
Fluctuating,18750,7550
Fluctuating,19000,7600
Fluctuating,19250,7650
Fluctuating,19500,7700
Fluctuating,19750,7750
Fluctuating,20000,7800
Fluctuating,20250,7850
Fluctuating,20500,7900
Fluctuating,20750,7950
Fluctuating,21000,8000
Fluctuating,21250,8050
Fluctuating,21500,8100
Fluctuating,21750,8150
Fluctuating,22000,8200
Fluctuating,22250,8250
Fluctuating,22500,8300
Fluctuating,22750,8350
Fluctuating,23000,8400
Fluctuating,23250,8450
Fluctuating,23500,8500
Fluctuating,23750,8550
Fluctuating,24000,8600
Fluctuating,24250,8650
Fluctuating,24500,8700
Fluctuating,24750,8750
Fluctuating,25000,8800
Fluctuating,25250,8850
Fluctuating,25500,8900
Fluctuating,25750,8950
Fluctuating,26000,9000
Fluctuating,26250,9050
Fluctuating,26500,9100
Fluctuating,26750,9150
Fluctuating,27000,9200
Fluctuating,27250,9250
Fluctuating,27500,9300
Fluctuating,27750,9350
Fluctuating,28000,9400
Fluctuating,28250,9450
Fluctuating,28500,9500
Fluctuating,28750,9550
Fluctuating,29000,9600
Fluctuating,29250,9650
Fluctuating,29500,9700
Fluctuating,29750,9750
Fluctuating,30000,9800
Fluctuating,30250,9850
Fluctuating,30500,9900
Fluctuating,30750,9950
Fluctuating,31000,10000
Fluctuating,31250,10050
Fluctuating,31500,10100
Fluctuating,31750,10150
Fluctuating,32000,10200
Fluctuating,32250,10250
Fluctuating,32500,10300
Fluctuating,32750,10350
Fluctuating,33000,10400
Fluctuating,33250,10450
Fluctuating,33500,10500
Fluctuating,33750,10550
Fluctuating,34000,10600
Fluctuating,34250,10650
Fluctuating,34500,10700
Fluctuating,34750,10750
Fluctuating,35000,10800
Fluctuating,35250,10850
Fluctuating,35500,10900
Fluctuating,35750,10950
Fluctuating,36000,11000
Fluctuating,36050,11050
Fluctuating,36100,11100
Fluctuating,36150,11150
Fluctuating,36200,11200
Fluctuating,36250,11250
Fluctuating,36300,11300
Fluctuating,36350,11350
Fluctuating,36400,11400
Fluctuating,36450,11450
Fluctuating,36500,11500
Fluctuating,36550,11550
Fluctuating,36600,11600
Fluctuating,36650,11650
Fluctuating,36700,11700
Fluctuating,36750,11750
Fluctuating,36800,11800
Fluctuating,36850,11850
Fluctuating,36900,11900
Fluctuating,36950,11950
Fluctuating,37000,12000
Fluctuating,37050,12050
Fluctuating,37100,12100
Fluctuating,37150,12150
Fluctuating,37200,12200
Fluctuating,37250,12250
Fluctuating,37300,12300
Fluctuating,37350,12350
Fluctuating,37400,12400
Fluctuating,37450,12450
Fluctuating,37500,12500
Fluctuating,37550,12550
Fluctuating,37600,12600
Fluctuating,37650,12650
Fluctuating,37700,12700
Fluctuating,37750,12750
Fluctuating,37800,12800
Fluctuating,37850,12850
Fluctuating,37900,12900
Fluctuating,37950,12950
Fluctuating,38000,13000
Fluctuating,38050,13050
Fluctuating,38100,13100
Fluctuating,38150,13150
Fluctuating,38200,13200
Fluctuating,38250,13250
Fluctuating,38300,13300
Fluctuating,38350,13350
Fluctuating,38400,13400
Fluctuating,38450,13450
Fluctuating,38500,13500
Fluctuating,38550,13550
Fluctuating,38600,13600
Fluctuating,38650,13650
Fluctuating,38700,13700
Fluctuating,38750,13750
Fluctuating,38800,13800
Fluctuating,38850,13850
Fluctuating,38900,13900
Fluctuating,38950,13950
Fluctuating,39000,14000
Fluctuating,39050,14050
Fluctuating,39100,14100
Fluctuating,39150,14150
Fluctuating,39200,14200
Fluctuating,39250,14250
Fluctuating,39300,14300
Fluctuating,39350,14350
Fluctuating,39400,14400
Fluctuating,39450,14450
Fluctuating,39500,14500
Fluctuating,39550,14550
Fluctuating,39600,14600
Fluctuating,39650,14650
Fluctuating,39700,14700
Fluctuating,39750,14750
Fluctuating,39800,14800
Fluctuating,39850,14850
Fluctuating,39900,14900
Fluctuating,39950,14950
Fluctuating,40000,15000
Fluctuating,40050,15050
Fluctuating,40100,15100
Fluctuating,40150,15150
Fluctuating,40200,15200
Fluctuating,40250,15250
Fluctuating,40300,15300
Fluctuating,40350,15350
Fluctuating,40400,15400
Fluctuating,40450,15450
Fluctuating,40500,15500
Fluctuating,40550,15550
Fluctuating,40600,15600
Fluctuating,40650,15650
Fluctuating,40700,15700
Fluctuating,40750,15750
Fluctuating,40800,15800
Fluctuating,40850,15850
Fluctuating,40900,15900
Fluctuating,40950,15950
Fluctuating,41000,16000
Fluctuating,41000,16050
Fluctuating,41000,16100
Fluctuating,41000,16150
Fluctuating,41000,16200
Fluctuating,41000,16250
Fluctuating,41000,16300
Fluctuating,41000,16350
Fluctuating,41000,16400
Fluctuating,41000,16450
Fluctuating,41000,16500
Fluctuating,41000,16550
Fluctuating,41000,16600
Fluctuating,41000,16650
Fluctuating,41000,16700
Fluctuating,41000,16750
Fluctuating,41000,16800
Fluctuating,41000,16850
Fluctuating,41000,16900
Fluctuating,41000,16950
Fluctuating,41000,17000
Fluctuating,41000,17050
Fluctuating,41000,17100
Fluctuating,41000,17150
Fluctuating,41000,17200
Fluctuating,41000,17250
Fluctuating,41000,17300
Fluctuating,41000,17350
Fluctuating,41000,17400
Fluctuating,41000,17450
Fluctuating,41000,17500
Fluctuating,41000,17550
Fluctuating,41000,17600
Fluctuating,41000,17650
Fluctuating,41000,17700
Fluctuating,41000,17750
Fluctuating,41000,17800
Fluctuating,41000,17850
Fluctuating,41000,17900
Fluctuating,41000,17950
Fluctuating,41000,18000
Fluctuating,41000,18050
Fluctuating,41000,18100
Fluctuating,41000,18150
Fluctuating,41000,18200
Fluctuating,41000,18250
Fluctuating,41000,18300
Fluctuating,41000,18350
Fluctuating,41000,18400
Fluctuating,41000,18450
Fluctuating,41000,18500
Fluctuating,41000,18550
Fluctuating,41000,18600
Fluctuating,41000,18650
Fluctuating,41000,18700
Fluctuating,41000,18750
Fluctuating,41000,18800
Fluctuating,41000,18850
Fluctuating,41000,18900
Fluctuating,41000,18950
Fluctuating,41000,19000
Fluctuating,41000,19050
Fluctuating,41000,19100
Fluctuating,41000,19150
Fluctuating,41000,19200
Fluctuating,41000,19250
Fluctuating,41000,19300
Fluctuating,41000,19350
Fluctuating,41000,19400
Fluctuating,41000,19450
Fluctuating,41000,19500
Fluctuating,41000,19550
Fluctuating,41000,19600
Fluctuating,41000,19650
Fluctuating,41000,19700
Fluctuating,41000,19750
Fluctuating,41000,19800
Fluctuating,41000,19850
Fluctuating,41000,19900
Fluctuating,41000,19950
Fluctuating,41000,20000
Fluctuating,41000,20050
Fluctuating,41000,20100
Fluctuating,41000,20150
Fluctuating,41000,20200
Fluctuating,41000,20250
Fluctuating,41000,20300
Fluctuating,41000,20350
Fluctuating,41000,20400
Fluctuating,41000,20450
Fluctuating,41000,20500
Fluctuating,41000,20550
Fluctuating,41000,20600
Fluctuating,41000,20650
Fluctuating,41000,20700
Fluctuating,41000,20750
Fluctuating,41000,20800
Fluctuating,41000,20850
Fluctuating,41000,20900
Fluctuating,41000,20950
Fluctuating,41000,21000
Fluctuating,41150,21050
Fluctuating,41300,21100
Fluctuating,41450,21150
Fluctuating,41600,21200
Fluctuating,41750,21250
Fluctuating,41900,21300
Fluctuating,42050,21350
Fluctuating,42200,21400
Fluctuating,42350,21450
Fluctuating,42500,21500
Fluctuating,42650,21550
Fluctuating,42800,21600
Fluctuating,42950,21650
Fluctuating,43100,21700
Fluctuating,43250,21750
Fluctuating,43400,21800
Fluctuating,43550,21850
Fluctuating,43700,21900
Fluctuating,43850,21950
Fluctuating,44000,22000
Fluctuating,44150,22050
Fluctuating,44300,22100
Fluctuating,44450,22150
Fluctuating,44600,22200
Fluctuating,44750,22250
Fluctuating,44900,22300
Fluctuating,45050,22350
Fluctuating,45200,22400
Fluctuating,45350,22450
Fluctuating,45500,22500
Fluctuating,45650,22550
Fluctuating,45800,22600
Fluctuating,45950,22650
Fluctuating,46100,22700
Fluctuating,46250,22750
Fluctuating,46400,22800
Fluctuating,46550,22850
Fluctuating,46700,22900
Fluctuating,46850,22950
Fluctuating,47000,23000
Fluctuating,47150,23050
Fluctuating,47300,23100
Fluctuating,47450,23150
Fluctuating,47600,23200
Fluctuating,47750,23250
Fluctuating,47900,23300
Fluctuating,48050,23350
Fluctuating,48200,23400
Fluctuating,48350,23450
Fluctuating,48500,23500
Fluctuating,48650,23550
Fluctuating,48800,23600
Fluctuating,48950,23650
Fluctuating,49100,23700
Fluctuating,49250,23750
Fluctuating,49400,23800
Fluctuating,49550,23850
Fluctuating,49700,23900
Fluctuating,49850,23950
Fluctuating,50000,24000
Fluctuating,50150,24050
Fluctuating,50300,24100
Fluctuating,50450,24150
Fluctuating,50600,24200
Fluctuating,50750,24250
Fluctuating,50900,24300
Fluctuating,51050,24350
Fluctuating,51200,24400
Fluctuating,51350,24450
Fluctuating,51500,24500
Fluctuating,51650,24550
Fluctuating,51800,24600
Fluctuating,51950,24650
Fluctuating,52100,24700
Fluctuating,52250,24750
Fluctuating,52400,24800
Fluctuating,52550,24850
Fluctuating,52700,24900
Fluctuating,52850,24950
Fluctuating,53000,25000
Fluctuating,53150,25050
Fluctuating,53300,25100
Fluctuating,53450,25150
Fluctuating,53600,25200
Fluctuating,53750,25250
Fluctuating,53900,25300
Fluctuating,54050,25350
Fluctuating,54200,25400
Fluctuating,54350,25450
Fluctuating,54500,25500
Fluctuating,54650,25550
Fluctuating,54800,25600
Fluctuating,54950,25650
Fluctuating,55100,25700
Fluctuating,55250,25750
Fluctuating,55400,25800
Fluctuating,55550,25850
Fluctuating,55700,25900
Fluctuating,55850,25950
Fluctuating,56000,26000
Fluctuating,56100,26050
Fluctuating,56200,26100
Fluctuating,56300,26150
Fluctuating,56400,26200
Fluctuating,56500,26250
Fluctuating,56600,26300
Fluctuating,56700,26350
Fluctuating,56800,26400
Fluctuating,56900,26450
Fluctuating,57000,26500
Fluctuating,57100,26550
Fluctuating,57200,26600
Fluctuating,57300,26650
Fluctuating,57400,26700
Fluctuating,57500,26750
Fluctuating,57600,26800
Fluctuating,57700,26850
Fluctuating,57800,26900
Fluctuating,57900,26950
Fluctuating,58000,27000
Fluctuating,58100,27050
Fluctuating,58200,27100
Fluctuating,58300,27150
Fluctuating,58400,27200
Fluctuating,58500,27250
Fluctuating,58600,27300
Fluctuating,58700,27350
Fluctuating,58800,27400
Fluctuating,58900,27450
Fluctuating,59000,27500
Fluctuating,59100,27550
Fluctuating,59200,27600
Fluctuating,59300,27650
Fluctuating,59400,27700
Fluctuating,59500,27750
Fluctuating,59600,27800
Fluctuating,59700,27850
Fluctuating,59800,27900
Fluctuating,59900,27950
Fluctuating,60000,28000
Fluctuating,60100,28050
Fluctuating,60200,28100
Fluctuating,60300,28150
Fluctuating,60400,28200
Fluctuating,60500,28250
Fluctuating,60600,28300
Fluctuating,60700,28350
Fluctuating,60800,28400
Fluctuating,60900,28450
Fluctuating,61000,28500
Fluctuating,61100,28550
Fluctuating,61200,28600
Fluctuating,61300,28650
Fluctuating,61400,28700
Fluctuating,61500,28750
Fluctuating,61600,28800
Fluctuating,61700,28850
Fluctuating,61800,28900
Fluctuating,61900,28950
Fluctuating,62000,29000
Fluctuating,62100,29050
Fluctuating,62200,29100
Fluctuating,62300,29150
Fluctuating,62400,29200
Fluctuating,62500,29250
Fluctuating,62600,29300
Fluctuating,62700,29350
Fluctuating,62800,29400
Fluctuating,62900,29450
Fluctuating,63000,29500
Fluctuating,63100,29550
Fluctuating,63200,29600
Fluctuating,63300,29650
Fluctuating,63400,29700
Fluctuating,63500,29750
Fluctuating,63600,29800
Fluctuating,63700,29850
Fluctuating,63800,29900
Fluctuating,63900,29950
Fluctuating,64000,30000
Fluctuating,64100,30050
Fluctuating,64200,30100
Fluctuating,64300,30150
Fluctuating,64400,30200
Fluctuating,64500,30250
Fluctuating,64600,30300
Fluctuating,64700,30350
Fluctuating,64800,30400
Fluctuating,64900,30450
Fluctuating,65000,30500
Fluctuating,65100,30550
Fluctuating,65200,30600
Fluctuating,65300,30650
Fluctuating,65400,30700
Fluctuating,65500,30750
Fluctuating,65600,30800
Fluctuating,65700,30850
Fluctuating,65800,30900
Fluctuating,65900,30950
Fluctuating,66000,31000
Fluctuating,66250,31050
Fluctuating,66500,31100
Fluctuating,66750,31150
Fluctuating,67000,31200
Fluctuating,67250,31250
Fluctuating,67500,31300
Fluctuating,67750,31350
Fluctuating,68000,31400
Fluctuating,68250,31450
Fluctuating,68500,31500
Fluctuating,68750,31550
Fluctuating,69000,31600
Fluctuating,69250,31650
Fluctuating,69500,31700
Fluctuating,69750,31750
Fluctuating,70000,31800
Fluctuating,70250,31850
Fluctuating,70500,31900
Fluctuating,70750,31950
Fluctuating,71000,32000
Fluctuating,71250,32050
Fluctuating,71500,32100
Fluctuating,71750,32150
Fluctuating,72000,32200
Fluctuating,72250,32250
Fluctuating,72500,32300
Fluctuating,72750,32350
Fluctuating,73000,32400
Fluctuating,73250,32450
Fluctuating,73500,32500
Fluctuating,73750,32550
Fluctuating,74000,32600
Fluctuating,74250,32650
Fluctuating,74500,32700
Fluctuating,74750,32750
Fluctuating,75000,32800
Fluctuating,75250,32850
Fluctuating,75500,32900
Fluctuating,75750,32950
Fluctuating,76000,33000
Fluctuating,76250,33050
Fluctuating,76500,33100
Fluctuating,76750,33150
Fluctuating,77000,33200
Fluctuating,77250,33250
Fluctuating,77500,33300
Fluctuating,77750,33350
Fluctuating,78000,33400
Fluctuating,78250,33450
Fluctuating,78500,33500
Fluctuating,78750,33550
Fluctuating,79000,33600
Fluctuating,79250,33650
Fluctuating,79500,33700
Fluctuating,79750,33750
Fluctuating,80000,33800
Fluctuating,80250,33850
Fluctuating,80500,33900
Fluctuating,80750,33950
Fluctuating,81000,34000
Fluctuating,81250,34050
Fluctuating,81500,34100
Fluctuating,81750,34150
Fluctuating,82000,34200
Fluctuating,82250,34250
Fluctuating,82500,34300
Fluctuating,82750,34350
Fluctuating,83000,34400
Fluctuating,83250,34450
Fluctuating,83500,34500
Fluctuating,83750,34550
Fluctuating,84000,34600
Fluctuating,84250,34650
Fluctuating,84500,34700
Fluctuating,84750,34750
Fluctuating,85000,34800
Fluctuating,85250,34850
Fluctuating,85500,34900
Fluctuating,85750,34950
Fluctuating,86000,35000
Fluctuating,86250,35050
Fluctuating,86500,35100
Fluctuating,86750,35150
Fluctuating,87000,35200
Fluctuating,87250,35250
Fluctuating,87500,35300
Fluctuating,87750,35350
Fluctuating,88000,35400
Fluctuating,88250,35450
Fluctuating,88500,35500
Fluctuating,88750,35550
Fluctuating,89000,35600
Fluctuating,89250,35650
Fluctuating,89500,35700
Fluctuating,89750,35750
Fluctuating,90000,35800
Fluctuating,90250,35850
Fluctuating,90500,35900
Fluctuating,90750,35950
Fluctuating,91000,36000
Fluctuating,91050,36050
Fluctuating,91100,36100
Fluctuating,91150,36150
Fluctuating,91200,36200
Fluctuating,91250,36250
Fluctuating,91300,36300
Fluctuating,91350,36350
Fluctuating,91400,36400
Fluctuating,91450,36450
Fluctuating,91500,36500
Fluctuating,91550,36550
Fluctuating,91600,36600
Fluctuating,91650,36650
Fluctuating,91700,36700
Fluctuating,91750,36750
Fluctuating,91800,36800
Fluctuating,91850,36850
Fluctuating,91900,36900
Fluctuating,91950,36950
Fluctuating,92000,37000
Fluctuating,92050,37050
Fluctuating,92100,37100
Fluctuating,92150,37150
Fluctuating,92200,37200
Fluctuating,92250,37250
Fluctuating,92300,37300
Fluctuating,92350,37350
Fluctuating,92400,37400
Fluctuating,92450,37450
Fluctuating,92500,37500
Fluctuating,92550,37550
Fluctuating,92600,37600
Fluctuating,92650,37650
Fluctuating,92700,37700
Fluctuating,92750,37750
Fluctuating,92800,37800
Fluctuating,92850,37850
Fluctuating,92900,37900
Fluctuating,92950,37950
Fluctuating,93000,38000
Fluctuating,93050,38050
Fluctuating,93100,38100
Fluctuating,93150,38150
Fluctuating,93200,38200
Fluctuating,93250,38250
Fluctuating,93300,38300
Fluctuating,93350,38350
Fluctuating,93400,38400
Fluctuating,93450,38450
Fluctuating,93500,38500
Fluctuating,93550,38550
Fluctuating,93600,38600
Fluctuating,93650,38650
Fluctuating,93700,38700
Fluctuating,93750,38750
Fluctuating,93800,38800
Fluctuating,93850,38850
Fluctuating,93900,38900
Fluctuating,93950,38950
Fluctuating,94000,39000
Fluctuating,94050,39050
Fluctuating,94100,39100
Fluctuating,94150,39150
Fluctuating,94200,39200
Fluctuating,94250,39250
Fluctuating,94300,39300
Fluctuating,94350,39350
Fluctuating,94400,39400
Fluctuating,94450,39450
Fluctuating,94500,39500
Fluctuating,94550,39550
Fluctuating,94600,39600
Fluctuating,94650,39650
Fluctuating,94700,39700
Fluctuating,94750,39750
Fluctuating,94800,39800
Fluctuating,94850,39850
Fluctuating,94900,39900
Fluctuating,94950,39950
Fluctuating,95000,40000
Fluctuating,95050,40050
Fluctuating,95100,40100
Fluctuating,95150,40150
Fluctuating,95200,40200
Fluctuating,95250,40250
Fluctuating,95300,40300
Fluctuating,95350,40350
Fluctuating,95400,40400
Fluctuating,95450,40450
Fluctuating,95500,40500
Fluctuating,95550,40550
Fluctuating,95600,40600
Fluctuating,95650,40650
Fluctuating,95700,40700
Fluctuating,95750,40750
Fluctuating,95800,40800
Fluctuating,95850,40850
Fluctuating,95900,40900
Fluctuating,95950,40950
Fluctuating,96000,41000
Fluctuating,96000,41050
Fluctuating,96000,41100
Fluctuating,96000,41150
Fluctuating,96000,41200
Fluctuating,96000,41250
Fluctuating,96000,41300
Fluctuating,96000,41350
Fluctuating,96000,41400
Fluctuating,96000,41450
Fluctuating,96000,41500
Fluctuating,96000,41550
Fluctuating,96000,41600
Fluctuating,96000,41650
Fluctuating,96000,41700
Fluctuating,96000,41750
Fluctuating,96000,41800
Fluctuating,96000,41850
Fluctuating,96000,41900
Fluctuating,96000,41950
Fluctuating,96000,42000
Fluctuating,96000,42050
Fluctuating,96000,42100
Fluctuating,96000,42150
Fluctuating,96000,42200
Fluctuating,96000,42250
Fluctuating,96000,42300
Fluctuating,96000,42350
Fluctuating,96000,42400
Fluctuating,96000,42450
Fluctuating,96000,42500
Fluctuating,96000,42550
Fluctuating,96000,42600
Fluctuating,96000,42650
Fluctuating,96000,42700
Fluctuating,96000,42750
Fluctuating,96000,42800
Fluctuating,96000,42850
Fluctuating,96000,42900
Fluctuating,96000,42950
Fluctuating,96000,43000
Fluctuating,96000,43050
Fluctuating,96000,43100
Fluctuating,96000,43150
Fluctuating,96000,43200
Fluctuating,96000,43250
Fluctuating,96000,43300
Fluctuating,96000,43350
Fluctuating,96000,43400
Fluctuating,96000,43450
Fluctuating,96000,43500
Fluctuating,96000,43550
Fluctuating,96000,43600
Fluctuating,96000,43650
Fluctuating,96000,43700
Fluctuating,96000,43750
Fluctuating,96000,43800
Fluctuating,96000,43850
Fluctuating,96000,43900
Fluctuating,96000,43950
Fluctuating,96000,44000
Fluctuating,96000,44050
Fluctuating,96000,44100
Fluctuating,96000,44150
Fluctuating,96000,44200
Fluctuating,96000,44250
Fluctuating,96000,44300
Fluctuating,96000,44350
Fluctuating,96000,44400
Fluctuating,96000,44450
Fluctuating,96000,44500
Fluctuating,96000,44550
Fluctuating,96000,44600
Fluctuating,96000,44650
Fluctuating,96000,44700
Fluctuating,96000,44750
Fluctuating,96000,44800
Fluctuating,96000,44850
Fluctuating,96000,44900
Fluctuating,96000,44950
Fluctuating,96000,45000
Fluctuating,96000,45050
Fluctuating,96000,45100
Fluctuating,96000,45150
Fluctuating,96000,45200
Fluctuating,96000,45250
Fluctuating,96000,45300
Fluctuating,96000,45350
Fluctuating,96000,45400
Fluctuating,96000,45450
Fluctuating,96000,45500
Fluctuating,96000,45550
Fluctuating,96000,45600
Fluctuating,96000,45650
Fluctuating,96000,45700
Fluctuating,96000,45750
Fluctuating,96000,45800
Fluctuating,96000,45850
Fluctuating,96000,45900
Fluctuating,96000,45950
Fluctuating,96000,46000
Fluctuating,96150,46050
Fluctuating,96300,46100
Fluctuating,96450,46150
Fluctuating,96600,46200
Fluctuating,96750,46250
Fluctuating,96900,46300
Fluctuating,97050,46350
Fluctuating,97200,46400
Fluctuating,97350,46450
Fluctuating,97500,46500
Fluctuating,97650,46550
Fluctuating,97800,46600
Fluctuating,97950,46650
Fluctuating,98100,46700
Fluctuating,98250,46750
Fluctuating,98400,46800
Fluctuating,98550,46850
Fluctuating,98700,46900
Fluctuating,98850,46950
Fluctuating,99000,47000
Fluctuating,99150,47050
Fluctuating,99300,47100
Fluctuating,99450,47150
Fluctuating,99600,47200
Fluctuating,99750,47250
Fluctuating,99900,47300
Fluctuating,100050,47350
Fluctuating,100200,47400
Fluctuating,100350,47450
Fluctuating,100500,47500
Fluctuating,100650,47550
Fluctuating,100800,47600
Fluctuating,100950,47650
Fluctuating,101100,47700
Fluctuating,101250,47750
Fluctuating,101400,47800
Fluctuating,101550,47850
Fluctuating,101700,47900
Fluctuating,101850,47950
Fluctuating,102000,48000
Fluctuating,102150,48050
Fluctuating,102300,48100
Fluctuating,102450,48150
Fluctuating,102600,48200
Fluctuating,102750,48250
Fluctuating,102900,48300
Fluctuating,103050,48350
Fluctuating,103200,48400
Fluctuating,103350,48450
Fluctuating,103500,48500
Fluctuating,103650,48550
Fluctuating,103800,48600
Fluctuating,103950,48650
Fluctuating,104100,48700
Fluctuating,104250,48750
Fluctuating,104400,48800
Fluctuating,104550,48850
Fluctuating,104700,48900
Fluctuating,104850,48950
Fluctuating,105000,49000
Fluctuating,105150,49050
Fluctuating,105300,49100
Fluctuating,105450,49150
Fluctuating,105600,49200
Fluctuating,105750,49250
Fluctuating,105900,49300
Fluctuating,106050,49350
Fluctuating,106200,49400
Fluctuating,106350,49450
Fluctuating,106500,49500
Fluctuating,106650,49550
Fluctuating,106800,49600
Fluctuating,106950,49650
Fluctuating,107100,49700
Fluctuating,107250,49750
Fluctuating,107400,49800
Fluctuating,107550,49850
Fluctuating,107700,49900
Fluctuating,107850,49950
Fluctuating,108000,50000
Fluctuating,108150,50050
Fluctuating,108300,50100
Fluctuating,108450,50150
Fluctuating,108600,50200
Fluctuating,108750,50250
Fluctuating,108900,50300
Fluctuating,109050,50350
Fluctuating,109200,50400
Fluctuating,109350,50450
Fluctuating,109500,50500
Fluctuating,109650,50550
Fluctuating,109800,50600
Fluctuating,109950,50650
Fluctuating,110100,50700
Fluctuating,110250,50750
Fluctuating,110400,50800
Fluctuating,110550,50850
Fluctuating,110700,50900
Fluctuating,110850,50950
Fluctuating,111000,51000
Fluctuating,111100,51050
Fluctuating,111200,51100
Fluctuating,111300,51150
Fluctuating,111400,51200
Fluctuating,111500,51250
Fluctuating,111600,51300
Fluctuating,111700,51350
Fluctuating,111800,51400
Fluctuating,111900,51450
Fluctuating,112000,51500
Fluctuating,112100,51550
Fluctuating,112200,51600
Fluctuating,112300,51650
Fluctuating,112400,51700
Fluctuating,112500,51750
Fluctuating,112600,51800
Fluctuating,112700,51850
Fluctuating,112800,51900
Fluctuating,112900,51950
Fluctuating,113000,52000
Fluctuating,113100,52050
Fluctuating,113200,52100
Fluctuating,113300,52150
Fluctuating,113400,52200
Fluctuating,113500,52250
Fluctuating,113600,52300
Fluctuating,113700,52350
Fluctuating,113800,52400
Fluctuating,113900,52450
Fluctuating,114000,52500
Fluctuating,114100,52550
Fluctuating,114200,52600
Fluctuating,114300,52650
Fluctuating,114400,52700
Fluctuating,114500,52750
Fluctuating,114600,52800
Fluctuating,114700,52850
Fluctuating,114800,52900
Fluctuating,114900,52950
Fluctuating,115000,53000
Fluctuating,115100,53050
Fluctuating,115200,53100
Fluctuating,115300,53150
Fluctuating,115400,53200
Fluctuating,115500,53250
Fluctuating,115600,53300
Fluctuating,115700,53350
Fluctuating,115800,53400
Fluctuating,115900,53450
Fluctuating,116000,53500
Fluctuating,116100,53550
Fluctuating,116200,53600
Fluctuating,116300,53650
Fluctuating,116400,53700
Fluctuating,116500,53750
Fluctuating,116600,53800
Fluctuating,116700,53850
Fluctuating,116800,53900
Fluctuating,116900,53950
Fluctuating,117000,54000
Fluctuating,117100,54050
Fluctuating,117200,54100
Fluctuating,117300,54150
Fluctuating,117400,54200
Fluctuating,117500,54250
Fluctuating,117600,54300
Fluctuating,117700,54350
Fluctuating,117800,54400
Fluctuating,117900,54450
Fluctuating,118000,54500
Fluctuating,118100,54550
Fluctuating,118200,54600
Fluctuating,118300,54650
Fluctuating,118400,54700
Fluctuating,118500,54750
Fluctuating,118600,54800
Fluctuating,118700,54850
Fluctuating,118800,54900
Fluctuating,118900,54950
Fluctuating,119000,55000
Fluctuating,119100,55050
Fluctuating,119200,55100
Fluctuating,119300,55150
Fluctuating,119400,55200
Fluctuating,119500,55250
Fluctuating,119600,55300
Fluctuating,119700,55350
Fluctuating,119800,55400
Fluctuating,119900,55450
Fluctuating,120000,55500
Fluctuating,120100,55550
Fluctuating,120200,55600
Fluctuating,120300,55650
Fluctuating,120400,55700
Fluctuating,120500,55750
Fluctuating,120600,55800
Fluctuating,120700,55850
Fluctuating,120800,55900
Fluctuating,120900,55950
Fluctuating,121000,56000
Fluctuating,121250,56050
Fluctuating,121500,56100
Fluctuating,121750,56150
Fluctuating,122000,56200
Fluctuating,122250,56250
Fluctuating,122500,56300
Fluctuating,122750,56350
Fluctuating,123000,56400
Fluctuating,123250,56450
Fluctuating,123500,56500
Fluctuating,123750,56550
Fluctuating,124000,56600
Fluctuating,124250,56650
Fluctuating,124500,56700
Fluctuating,124750,56750
Fluctuating,125000,56800
Fluctuating,125250,56850
Fluctuating,125500,56900
Fluctuating,125750,56950
Fluctuating,126000,57000
Fluctuating,126250,57050
Fluctuating,126500,57100
Fluctuating,126750,57150
Fluctuating,127000,57200
Fluctuating,127250,57250
Fluctuating,127500,57300
Fluctuating,127750,57350
Fluctuating,128000,57400
Fluctuating,128250,57450
Fluctuating,128500,57500
Fluctuating,128750,57550
Fluctuating,129000,57600
Fluctuating,129250,57650
Fluctuating,129500,57700
Fluctuating,129750,57750
Fluctuating,130000,57800
Fluctuating,130250,57850
Fluctuating,130500,57900
Fluctuating,130750,57950
Fluctuating,131000,58000
Fluctuating,131250,58050
Fluctuating,131500,58100
Fluctuating,131750,58150
Fluctuating,132000,58200
Fluctuating,132250,58250
Fluctuating,132500,58300
Fluctuating,132750,58350
Fluctuating,133000,58400
Fluctuating,133250,58450
Fluctuating,133500,58500
Fluctuating,133750,58550
Fluctuating,134000,58600
Fluctuating,134250,58650
Fluctuating,134500,58700
Fluctuating,134750,58750
Fluctuating,135000,58800
Fluctuating,135250,58850
Fluctuating,135500,58900
Fluctuating,135750,58950
Fluctuating,136000,59000
Fluctuating,136250,59050
Fluctuating,136500,59100
Fluctuating,136750,59150
Fluctuating,137000,59200
Fluctuating,137250,59250
Fluctuating,137500,59300
Fluctuating,137750,59350
Fluctuating,138000,59400
Fluctuating,138250,59450
Fluctuating,138500,59500
Fluctuating,138750,59550
Fluctuating,139000,59600
Fluctuating,139250,59650
Fluctuating,139500,59700
Fluctuating,139750,59750
Fluctuating,140000,59800
Fluctuating,140250,59850
Fluctuating,140500,59900
Fluctuating,140750,59950
Fluctuating,141000,60000
Fluctuating,141250,60050
Fluctuating,141500,60100
Fluctuating,141750,60150
Fluctuating,142000,60200
Fluctuating,142250,60250
Fluctuating,142500,60300
Fluctuating,142750,60350
Fluctuating,143000,60400
Fluctuating,143250,60450
Fluctuating,143500,60500
Fluctuating,143750,60550
Fluctuating,144000,60600
Fluctuating,144250,60650
Fluctuating,144500,60700
Fluctuating,144750,60750
Fluctuating,145000,60800
Fluctuating,145250,60850
Fluctuating,145500,60900
Fluctuating,145750,60950
Fluctuating,146000,61000
Fluctuating,146050,61050
Fluctuating,146100,61100
Fluctuating,146150,61150
Fluctuating,146200,61200
Fluctuating,146250,61250
Fluctuating,146300,61300
Fluctuating,146350,61350
Fluctuating,146400,61400
Fluctuating,146450,61450
Fluctuating,146500,61500
Fluctuating,146550,61550
Fluctuating,146600,61600
Fluctuating,146650,61650
Fluctuating,146700,61700
Fluctuating,146750,61750
Fluctuating,146800,61800
Fluctuating,146850,61850
Fluctuating,146900,61900
Fluctuating,146950,61950
Fluctuating,147000,62000
Fluctuating,147050,62050
Fluctuating,147100,62100
Fluctuating,147150,62150
Fluctuating,147200,62200
Fluctuating,147250,62250
Fluctuating,147300,62300
Fluctuating,147350,62350
Fluctuating,147400,62400
Fluctuating,147450,62450
Fluctuating,147500,62500
Fluctuating,147550,62550
Fluctuating,147600,62600
Fluctuating,147650,62650
Fluctuating,147700,62700
Fluctuating,147750,62750
Fluctuating,147800,62800
Fluctuating,147850,62850
Fluctuating,147900,62900
Fluctuating,147950,62950
Fluctuating,148000,63000
Fluctuating,148050,63050
Fluctuating,148100,63100
Fluctuating,148150,63150
Fluctuating,148200,63200
Fluctuating,148250,63250
Fluctuating,148300,63300
Fluctuating,148350,63350
Fluctuating,148400,63400
Fluctuating,148450,63450
Fluctuating,148500,63500
Fluctuating,148550,63550
Fluctuating,148600,63600
Fluctuating,148650,63650
Fluctuating,148700,63700
Fluctuating,148750,63750
Fluctuating,148800,63800
Fluctuating,148850,63850
Fluctuating,148900,63900
Fluctuating,148950,63950
Fluctuating,149000,64000
Fluctuating,149050,64050
Fluctuating,149100,64100
Fluctuating,149150,64150
Fluctuating,149200,64200
Fluctuating,149250,64250
Fluctuating,149300,64300
Fluctuating,149350,64350
Fluctuating,149400,64400
Fluctuating,149450,64450
Fluctuating,149500,64500
Fluctuating,149550,64550
Fluctuating,149600,64600
Fluctuating,149650,64650
Fluctuating,149700,64700
Fluctuating,149750,64750
Fluctuating,149800,64800
Fluctuating,149850,64850
Fluctuating,149900,64900
Fluctuating,149950,64950
Fluctuating,150000,65000
Fluctuating,150050,65050
Fluctuating,150100,65100
Fluctuating,150150,65150
Fluctuating,150200,65200
Fluctuating,150250,65250
Fluctuating,150300,65300
Fluctuating,150350,65350
Fluctuating,150400,65400
Fluctuating,150450,65450
Fluctuating,150500,65500
Fluctuating,150550,65550
Fluctuating,150600,65600
Fluctuating,150650,65650
Fluctuating,150700,65700
Fluctuating,150750,65750
Fluctuating,150800,65800
Fluctuating,150850,65850
Fluctuating,150900,65900
Fluctuating,150950,65950
Fluctuating,151000,66000
Fluctuating,151000,66050
Fluctuating,151000,66100
Fluctuating,151000,66150
Fluctuating,151000,66200
Fluctuating,151000,66250
Fluctuating,151000,66300
Fluctuating,151000,66350
Fluctuating,151000,66400
Fluctuating,151000,66450
Fluctuating,151000,66500
Fluctuating,151000,66550
Fluctuating,151000,66600
Fluctuating,151000,66650
Fluctuating,151000,66700
Fluctuating,151000,66750
Fluctuating,151000,66800
Fluctuating,151000,66850
Fluctuating,151000,66900
Fluctuating,151000,66950
Fluctuating,151000,67000
Fluctuating,151000,67050
Fluctuating,151000,67100
Fluctuating,151000,67150
Fluctuating,151000,67200
Fluctuating,151000,67250
Fluctuating,151000,67300
Fluctuating,151000,67350
Fluctuating,151000,67400
Fluctuating,151000,67450
Fluctuating,151000,67500
Fluctuating,151000,67550
Fluctuating,151000,67600
Fluctuating,151000,67650
Fluctuating,151000,67700
Fluctuating,151000,67750
Fluctuating,151000,67800
Fluctuating,151000,67850
Fluctuating,151000,67900
Fluctuating,151000,67950
Fluctuating,151000,68000
Fluctuating,151000,68050
Fluctuating,151000,68100
Fluctuating,151000,68150
Fluctuating,151000,68200
Fluctuating,151000,68250
Fluctuating,151000,68300
Fluctuating,151000,68350
Fluctuating,151000,68400
Fluctuating,151000,68450
Fluctuating,151000,68500
Fluctuating,151000,68550
Fluctuating,151000,68600
Fluctuating,151000,68650
Fluctuating,151000,68700
Fluctuating,151000,68750
Fluctuating,151000,68800
Fluctuating,151000,68850
Fluctuating,151000,68900
Fluctuating,151000,68950
Fluctuating,151000,69000
Fluctuating,151000,69050
Fluctuating,151000,69100
Fluctuating,151000,69150
Fluctuating,151000,69200
Fluctuating,151000,69250
Fluctuating,151000,69300
Fluctuating,151000,69350
Fluctuating,151000,69400
Fluctuating,151000,69450
Fluctuating,151000,69500
Fluctuating,151000,69550
Fluctuating,151000,69600
Fluctuating,151000,69650
Fluctuating,151000,69700
Fluctuating,151000,69750
Fluctuating,151000,69800
Fluctuating,151000,69850
Fluctuating,151000,69900
Fluctuating,151000,69950
Fluctuating,151000,70000
Fluctuating,151000,70050
Fluctuating,151000,70100
Fluctuating,151000,70150
Fluctuating,151000,70200
Fluctuating,151000,70250
Fluctuating,151000,70300
Fluctuating,151000,70350
Fluctuating,151000,70400
Fluctuating,151000,70450
Fluctuating,151000,70500
Fluctuating,151000,70550
Fluctuating,151000,70600
Fluctuating,151000,70650
Fluctuating,151000,70700
Fluctuating,151000,70750
Fluctuating,151000,70800
Fluctuating,151000,70850
Fluctuating,151000,70900
Fluctuating,151000,70950
Fluctuating,151000,71000
Fluctuating,151150,71050
Fluctuating,151300,71100
Fluctuating,151450,71150
Fluctuating,151600,71200
Fluctuating,151750,71250
Fluctuating,151900,71300
Fluctuating,152050,71350
Fluctuating,152200,71400
Fluctuating,152350,71450
Fluctuating,152500,71500
Fluctuating,152650,71550
Fluctuating,152800,71600
Fluctuating,152950,71650
Fluctuating,153100,71700
Fluctuating,153250,71750
Fluctuating,153400,71800
Fluctuating,153550,71850
Fluctuating,153700,71900
Fluctuating,153850,71950
Fluctuating,154000,72000
Fluctuating,154150,72050
Fluctuating,154300,72100
Fluctuating,154450,72150
Fluctuating,154600,72200
Fluctuating,154750,72250
Fluctuating,154900,72300
Fluctuating,155050,72350
Fluctuating,155200,72400
Fluctuating,155350,72450
Fluctuating,155500,72500
Fluctuating,155650,72550
Fluctuating,155800,72600
Fluctuating,155950,72650
Fluctuating,156100,72700
Fluctuating,156250,72750
Fluctuating,156400,72800
Fluctuating,156550,72850
Fluctuating,156700,72900
Fluctuating,156850,72950
Fluctuating,157000,73000
Fluctuating,157150,73050
Fluctuating,157300,73100
Fluctuating,157450,73150
Fluctuating,157600,73200
Fluctuating,157750,73250
Fluctuating,157900,73300
Fluctuating,158050,73350
Fluctuating,158200,73400
Fluctuating,158350,73450
Fluctuating,158500,73500
Fluctuating,158650,73550
Fluctuating,158800,73600
Fluctuating,158950,73650
Fluctuating,159100,73700
Fluctuating,159250,73750
Fluctuating,159400,73800
Fluctuating,159550,73850
Fluctuating,159700,73900
Fluctuating,159850,73950
Fluctuating,160000,74000
Fluctuating,160150,74050
Fluctuating,160300,74100
Fluctuating,160450,74150
Fluctuating,160600,74200
Fluctuating,160750,74250
Fluctuating,160900,74300
Fluctuating,161050,74350
Fluctuating,161200,74400
Fluctuating,161350,74450
Fluctuating,161500,74500
Fluctuating,161650,74550
Fluctuating,161800,74600
Fluctuating,161950,74650
Fluctuating,162100,74700
Fluctuating,162250,74750
Fluctuating,162400,74800
Fluctuating,162550,74850
Fluctuating,162700,74900
Fluctuating,162850,74950
Fluctuating,163000,75000
Fluctuating,163150,75050
Fluctuating,163300,75100
Fluctuating,163450,75150
Fluctuating,163600,75200
Fluctuating,163750,75250
Fluctuating,163900,75300
Fluctuating,164050,75350
Fluctuating,164200,75400
Fluctuating,164350,75450
Fluctuating,164500,75500
Fluctuating,164650,75550
Fluctuating,164800,75600
Fluctuating,164950,75650
Fluctuating,165100,75700
Fluctuating,165250,75750
Fluctuating,165400,75800
Fluctuating,165550,75850
Fluctuating,165700,75900
Fluctuating,165850,75950
Fluctuating,166000,76000
Fluctuating,166100,76050
Fluctuating,166200,76100
Fluctuating,166300,76150
Fluctuating,166400,76200
Fluctuating,166500,76250
Fluctuating,166600,76300
Fluctuating,166700,76350
Fluctuating,166800,76400
Fluctuating,166900,76450
Fluctuating,167000,76500
Fluctuating,167100,76550
Fluctuating,167200,76600
Fluctuating,167300,76650
Fluctuating,167400,76700
Fluctuating,167500,76750
Fluctuating,167600,76800
Fluctuating,167700,76850
Fluctuating,167800,76900
Fluctuating,167900,76950
Fluctuating,168000,77000
Fluctuating,168100,77050
Fluctuating,168200,77100
Fluctuating,168300,77150
Fluctuating,168400,77200
Fluctuating,168500,77250
Fluctuating,168600,77300
Fluctuating,168700,77350
Fluctuating,168800,77400
Fluctuating,168900,77450
Fluctuating,169000,77500
Fluctuating,169100,77550
Fluctuating,169200,77600
Fluctuating,169300,77650
Fluctuating,169400,77700
Fluctuating,169500,77750
Fluctuating,169600,77800
Fluctuating,169700,77850
Fluctuating,169800,77900
Fluctuating,169900,77950
Fluctuating,170000,78000
Fluctuating,170100,78050
Fluctuating,170200,78100
Fluctuating,170300,78150
Fluctuating,170400,78200
Fluctuating,170500,78250
Fluctuating,170600,78300
Fluctuating,170700,78350
Fluctuating,170800,78400
Fluctuating,170900,78450
Fluctuating,171000,78500
Fluctuating,171100,78550
Fluctuating,171200,78600
Fluctuating,171300,78650
Fluctuating,171400,78700
Fluctuating,171500,78750
Fluctuating,171600,78800
Fluctuating,171700,78850
Fluctuating,171800,78900
Fluctuating,171900,78950
Fluctuating,172000,79000
Fluctuating,172100,79050
Fluctuating,172200,79100
Fluctuating,172300,79150
Fluctuating,172400,79200
Fluctuating,172500,79250
Fluctuating,172600,79300
Fluctuating,172700,79350
Fluctuating,172800,79400
Fluctuating,172900,79450
Fluctuating,173000,79500
Fluctuating,173100,79550
Fluctuating,173200,79600
Fluctuating,173300,79650
Fluctuating,173400,79700
Fluctuating,173500,79750
Fluctuating,173600,79800
Fluctuating,173700,79850
Fluctuating,173800,79900
Fluctuating,173900,79950
Fluctuating,174000,80000
Fluctuating,174100,80050
Fluctuating,174200,80100
Fluctuating,174300,80150
Fluctuating,174400,80200
Fluctuating,174500,80250
Fluctuating,174600,80300
Fluctuating,174700,80350
Fluctuating,174800,80400
Fluctuating,174900,80450
Fluctuating,175000,80500
Fluctuating,175100,80550
Fluctuating,175200,80600
Fluctuating,175300,80650
Fluctuating,175400,80700
Fluctuating,175500,80750
Fluctuating,175600,80800
Fluctuating,175700,80850
Fluctuating,175800,80900
Fluctuating,175900,80950
Fluctuating,176000,81000
Fluctuating,176250,81050
Fluctuating,176500,81100
Fluctuating,176750,81150
Fluctuating,177000,81200
Fluctuating,177250,81250
Fluctuating,177500,81300
Fluctuating,177750,81350
Fluctuating,178000,81400
Fluctuating,178250,81450
Fluctuating,178500,81500
Fluctuating,178750,81550
Fluctuating,179000,81600
Fluctuating,179250,81650
Fluctuating,179500,81700
Fluctuating,179750,81750
Fluctuating,180000,81800
Fluctuating,180250,81850
Fluctuating,180500,81900
Fluctuating,180750,81950
Fluctuating,181000,82000
Fluctuating,181250,82050
Fluctuating,181500,82100
Fluctuating,181750,82150
Fluctuating,182000,82200
Fluctuating,182250,82250
Fluctuating,182500,82300
Fluctuating,182750,82350
Fluctuating,183000,82400
Fluctuating,183250,82450
Fluctuating,183500,82500
Fluctuating,183750,82550
Fluctuating,184000,82600
Fluctuating,184250,82650
Fluctuating,184500,82700
Fluctuating,184750,82750
Fluctuating,185000,82800
Fluctuating,185250,82850
Fluctuating,185500,82900
Fluctuating,185750,82950
Fluctuating,186000,83000
Fluctuating,186250,83050
Fluctuating,186500,83100
Fluctuating,186750,83150
Fluctuating,187000,83200
Fluctuating,187250,83250
Fluctuating,187500,83300
Fluctuating,187750,83350
Fluctuating,188000,83400
Fluctuating,188250,83450
Fluctuating,188500,83500
Fluctuating,188750,83550
Fluctuating,189000,83600
Fluctuating,189250,83650
Fluctuating,189500,83700
Fluctuating,189750,83750
Fluctuating,190000,83800
Fluctuating,190250,83850
Fluctuating,190500,83900
Fluctuating,190750,83950
Fluctuating,191000,84000
Fluctuating,191250,84050
Fluctuating,191500,84100
Fluctuating,191750,84150
Fluctuating,192000,84200
Fluctuating,192250,84250
Fluctuating,192500,84300
Fluctuating,192750,84350
Fluctuating,193000,84400
Fluctuating,193250,84450
Fluctuating,193500,84500
Fluctuating,193750,84550
Fluctuating,194000,84600
Fluctuating,194250,84650
Fluctuating,194500,84700
Fluctuating,194750,84750
Fluctuating,195000,84800
Fluctuating,195250,84850
Fluctuating,195500,84900
Fluctuating,195750,84950
Fluctuating,196000,85000
Fluctuating,196250,85050
Fluctuating,196500,85100
Fluctuating,196750,85150
Fluctuating,197000,85200
Fluctuating,197250,85250
Fluctuating,197500,85300
Fluctuating,197750,85350
Fluctuating,198000,85400
Fluctuating,198250,85450
Fluctuating,198500,85500
Fluctuating,198750,85550
Fluctuating,199000,85600
Fluctuating,199250,85650
Fluctuating,199500,85700
Fluctuating,199750,85750
Fluctuating,200000,85800
Fluctuating,200250,85850
Fluctuating,200500,85900
Fluctuating,200750,85950
Fluctuating,201000,86000
Fluctuating,201050,86050
Fluctuating,201100,86100
Fluctuating,201150,86150
Fluctuating,201200,86200
Fluctuating,201250,86250
Fluctuating,201300,86300
Fluctuating,201350,86350
Fluctuating,201400,86400
Fluctuating,201450,86450
Fluctuating,201500,86500
Fluctuating,201550,86550
Fluctuating,201600,86600
Fluctuating,201650,86650
Fluctuating,201700,86700
Fluctuating,201750,86750
Fluctuating,201800,86800
Fluctuating,201850,86850
Fluctuating,201900,86900
Fluctuating,201950,86950
Fluctuating,202000,87000
Fluctuating,202050,87050
Fluctuating,202100,87100
Fluctuating,202150,87150
Fluctuating,202200,87200
Fluctuating,202250,87250
Fluctuating,202300,87300
Fluctuating,202350,87350
Fluctuating,202400,87400
Fluctuating,202450,87450
Fluctuating,202500,87500
Fluctuating,202550,87550
Fluctuating,202600,87600
Fluctuating,202650,87650
Fluctuating,202700,87700
Fluctuating,202750,87750
Fluctuating,202800,87800
Fluctuating,202850,87850
Fluctuating,202900,87900
Fluctuating,202950,87950
Fluctuating,203000,88000
Fluctuating,203050,88050
Fluctuating,203100,88100
Fluctuating,203150,88150
Fluctuating,203200,88200
Fluctuating,203250,88250
Fluctuating,203300,88300
Fluctuating,203350,88350
Fluctuating,203400,88400
Fluctuating,203450,88450
Fluctuating,203500,88500
Fluctuating,203550,88550
Fluctuating,203600,88600
Fluctuating,203650,88650
Fluctuating,203700,88700
Fluctuating,203750,88750
Fluctuating,203800,88800
Fluctuating,203850,88850
Fluctuating,203900,88900
Fluctuating,203950,88950
Fluctuating,204000,89000
Fluctuating,204050,89050
Fluctuating,204100,89100
Fluctuating,204150,89150
Fluctuating,204200,89200
Fluctuating,204250,89250
Fluctuating,204300,89300
Fluctuating,204350,89350
Fluctuating,204400,89400
Fluctuating,204450,89450
Fluctuating,204500,89500
Fluctuating,204550,89550
Fluctuating,204600,89600
Fluctuating,204650,89650
Fluctuating,204700,89700
Fluctuating,204750,89750
Fluctuating,204800,89800
Fluctuating,204850,89850
Fluctuating,204900,89900
Fluctuating,204950,89950
Fluctuating,205000,90000
Fluctuating,205050,90050
Fluctuating,205100,90100
Fluctuating,205150,90150
Fluctuating,205200,90200
Fluctuating,205250,90250
Fluctuating,205300,90300
Fluctuating,205350,90350
Fluctuating,205400,90400
Fluctuating,205450,90450
Fluctuating,205500,90500
Fluctuating,205550,90550
Fluctuating,205600,90600
Fluctuating,205650,90650
Fluctuating,205700,90700
Fluctuating,205750,90750
Fluctuating,205800,90800
Fluctuating,205850,90850
Fluctuating,205900,90900
Fluctuating,205950,90950
Fluctuating,206000,91000
Fluctuating,206000,91050
Fluctuating,206000,91100
Fluctuating,206000,91150
Fluctuating,206000,91200
Fluctuating,206000,91250
Fluctuating,206000,91300
Fluctuating,206000,91350
Fluctuating,206000,91400
Fluctuating,206000,91450
Fluctuating,206000,91500
Fluctuating,206000,91550
Fluctuating,206000,91600
Fluctuating,206000,91650
Fluctuating,206000,91700
Fluctuating,206000,91750
Fluctuating,206000,91800
Fluctuating,206000,91850
Fluctuating,206000,91900
Fluctuating,206000,91950
Fluctuating,206000,92000
Fluctuating,206000,92050
Fluctuating,206000,92100
Fluctuating,206000,92150
Fluctuating,206000,92200
Fluctuating,206000,92250
Fluctuating,206000,92300
Fluctuating,206000,92350
Fluctuating,206000,92400
Fluctuating,206000,92450
Fluctuating,206000,92500
Fluctuating,206000,92550
Fluctuating,206000,92600
Fluctuating,206000,92650
Fluctuating,206000,92700
Fluctuating,206000,92750
Fluctuating,206000,92800
Fluctuating,206000,92850
Fluctuating,206000,92900
Fluctuating,206000,92950
Fluctuating,206000,93000
Fluctuating,206000,93050
Fluctuating,206000,93100
Fluctuating,206000,93150
Fluctuating,206000,93200
Fluctuating,206000,93250
Fluctuating,206000,93300
Fluctuating,206000,93350
Fluctuating,206000,93400
Fluctuating,206000,93450
Fluctuating,206000,93500
Fluctuating,206000,93550
Fluctuating,206000,93600
Fluctuating,206000,93650
Fluctuating,206000,93700
Fluctuating,206000,93750
Fluctuating,206000,93800
Fluctuating,206000,93850
Fluctuating,206000,93900
Fluctuating,206000,93950
Fluctuating,206000,94000
Fluctuating,206000,94050
Fluctuating,206000,94100
Fluctuating,206000,94150
Fluctuating,206000,94200
Fluctuating,206000,94250
Fluctuating,206000,94300
Fluctuating,206000,94350
Fluctuating,206000,94400
Fluctuating,206000,94450
Fluctuating,206000,94500
Fluctuating,206000,94550
Fluctuating,206000,94600
Fluctuating,206000,94650
Fluctuating,206000,94700
Fluctuating,206000,94750
Fluctuating,206000,94800
Fluctuating,206000,94850
Fluctuating,206000,94900
Fluctuating,206000,94950
Fluctuating,206000,95000
Fluctuating,206000,95050
Fluctuating,206000,95100
Fluctuating,206000,95150
Fluctuating,206000,95200
Fluctuating,206000,95250
Fluctuating,206000,95300
Fluctuating,206000,95350
Fluctuating,206000,95400
Fluctuating,206000,95450
Fluctuating,206000,95500
Fluctuating,206000,95550
Fluctuating,206000,95600
Fluctuating,206000,95650
Fluctuating,206000,95700
Fluctuating,206000,95750
Fluctuating,206000,95800
Fluctuating,206000,95850
Fluctuating,206000,95900
Fluctuating,206000,95950
Fluctuating,206000,96000
Fluctuating,206150,96050
Fluctuating,206300,96100
Fluctuating,206450,96150
Fluctuating,206600,96200
Fluctuating,206750,96250
Fluctuating,206900,96300
Fluctuating,207050,96350
Fluctuating,207200,96400
Fluctuating,207350,96450
Fluctuating,207500,96500
Fluctuating,207650,96550
Fluctuating,207800,96600
Fluctuating,207950,96650
Fluctuating,208100,96700
Fluctuating,208250,96750
Fluctuating,208400,96800
Fluctuating,208550,96850
Fluctuating,208700,96900
Fluctuating,208850,96950
Fluctuating,209000,97000
Fluctuating,209150,97050
Fluctuating,209300,97100
Fluctuating,209450,97150
Fluctuating,209600,97200
Fluctuating,209750,97250
Fluctuating,209900,97300
Fluctuating,210050,97350
Fluctuating,210200,97400
Fluctuating,210350,97450
Fluctuating,210500,97500
Fluctuating,210650,97550
Fluctuating,210800,97600
Fluctuating,210950,97650
Fluctuating,211100,97700
Fluctuating,211250,97750
Fluctuating,211400,97800
Fluctuating,211550,97850
Fluctuating,211700,97900
Fluctuating,211850,97950
Fluctuating,212000,98000
Fluctuating,212150,98050
Fluctuating,212300,98100
Fluctuating,212450,98150
Fluctuating,212600,98200
Fluctuating,212750,98250
Fluctuating,212900,98300
Fluctuating,213050,98350
Fluctuating,213200,98400
Fluctuating,213350,98450
Fluctuating,213500,98500
Fluctuating,213650,98550
Fluctuating,213800,98600
Fluctuating,213950,98650
Fluctuating,214100,98700
Fluctuating,214250,98750
Fluctuating,214400,98800
Fluctuating,214550,98850
Fluctuating,214700,98900
Fluctuating,214850,98950
Fluctuating,215000,99000
Fluctuating,215150,99050
Fluctuating,215300,99100
Fluctuating,215450,99150
Fluctuating,215600,99200
Fluctuating,215750,99250
Fluctuating,215900,99300
Fluctuating,216050,99350
Fluctuating,216200,99400
Fluctuating,216350,99450
Fluctuating,216500,99500
Fluctuating,216650,99550
Fluctuating,216800,99600
Fluctuating,216950,99650
Fluctuating,217100,99700
Fluctuating,217250,99750
Fluctuating,217400,99800
Fluctuating,217550,99850
Fluctuating,217700,99900
Fluctuating,217850,99950
Fluctuating,218000,100000
Fluctuating,218150,100050
Fluctuating,218300,100100
Fluctuating,218450,100150
Fluctuating,218600,100200
Fluctuating,218750,100250
Fluctuating,218900,100300
Fluctuating,219050,100350
Fluctuating,219200,100400
Fluctuating,219350,100450
Fluctuating,219500,100500
Fluctuating,219650,100550
Fluctuating,219800,100600
Fluctuating,219950,100650
Fluctuating,220100,100700
Fluctuating,220250,100750
Fluctuating,220400,100800
Fluctuating,220550,100850
Fluctuating,220700,100900
Fluctuating,220850,100950
Fluctuating,221000,101000
Fluctuating,221100,101050
Fluctuating,221200,101100
Fluctuating,221300,101150
Fluctuating,221400,101200
Fluctuating,221500,101250
Fluctuating,221600,101300
Fluctuating,221700,101350
Fluctuating,221800,101400
Fluctuating,221900,101450
Fluctuating,222000,101500
Fluctuating,222100,101550
Fluctuating,222200,101600
Fluctuating,222300,101650
Fluctuating,222400,101700
Fluctuating,222500,101750
Fluctuating,222600,101800
Fluctuating,222700,101850
Fluctuating,222800,101900
Fluctuating,222900,101950
Fluctuating,223000,102000
Fluctuating,223100,102050
Fluctuating,223200,102100
Fluctuating,223300,102150
Fluctuating,223400,102200
Fluctuating,223500,102250
Fluctuating,223600,102300
Fluctuating,223700,102350
Fluctuating,223800,102400
Fluctuating,223900,102450
Fluctuating,224000,102500
Fluctuating,224100,102550
Fluctuating,224200,102600
Fluctuating,224300,102650
Fluctuating,224400,102700
Fluctuating,224500,102750
Fluctuating,224600,102800
Fluctuating,224700,102850
Fluctuating,224800,102900
Fluctuating,224900,102950
Fluctuating,225000,103000
Fluctuating,225100,103050
Fluctuating,225200,103100
Fluctuating,225300,103150
Fluctuating,225400,103200
Fluctuating,225500,103250
Fluctuating,225600,103300
Fluctuating,225700,103350
Fluctuating,225800,103400
Fluctuating,225900,103450
Fluctuating,226000,103500
Fluctuating,226100,103550
Fluctuating,226200,103600
Fluctuating,226300,103650
Fluctuating,226400,103700
Fluctuating,226500,103750
Fluctuating,226600,103800
Fluctuating,226700,103850
Fluctuating,226800,103900
Fluctuating,226900,103950
Fluctuating,227000,104000
Fluctuating,227100,104050
Fluctuating,227200,104100
Fluctuating,227300,104150
Fluctuating,227400,104200
Fluctuating,227500,104250
Fluctuating,227600,104300
Fluctuating,227700,104350
Fluctuating,227800,104400
Fluctuating,227900,104450
Fluctuating,228000,104500
Fluctuating,228100,104550
Fluctuating,228200,104600
Fluctuating,228300,104650
Fluctuating,228400,104700
Fluctuating,228500,104750
Fluctuating,228600,104800
Fluctuating,228700,104850
Fluctuating,228800,104900
Fluctuating,228900,104950
Fluctuating,229000,105000
Fluctuating,229100,105050
Fluctuating,229200,105100
Fluctuating,229300,105150
Fluctuating,229400,105200
Fluctuating,229500,105250
Fluctuating,229600,105300
Fluctuating,229700,105350
Fluctuating,229800,105400
Fluctuating,229900,105450
Fluctuating,230000,105500
Fluctuating,230100,105550
Fluctuating,230200,105600
Fluctuating,230300,105650
Fluctuating,230400,105700
Fluctuating,230500,105750
Fluctuating,230600,105800
Fluctuating,230700,105850
Fluctuating,230800,105900
Fluctuating,230900,105950
Fluctuating,231000,106000
Fluctuating,231250,106050
Fluctuating,231500,106100
Fluctuating,231750,106150
Fluctuating,232000,106200
Fluctuating,232250,106250
Fluctuating,232500,106300
Fluctuating,232750,106350
Fluctuating,233000,106400
Fluctuating,233250,106450
Fluctuating,233500,106500
Fluctuating,233750,106550
Fluctuating,234000,106600
Fluctuating,234250,106650
Fluctuating,234500,106700
Fluctuating,234750,106750
Fluctuating,235000,106800
Fluctuating,235250,106850
Fluctuating,235500,106900
Fluctuating,235750,106950
Fluctuating,236000,107000
Fluctuating,236250,107050
Fluctuating,236500,107100
Fluctuating,236750,107150
Fluctuating,237000,107200
Fluctuating,237250,107250
Fluctuating,237500,107300
Fluctuating,237750,107350
Fluctuating,238000,107400
Fluctuating,238250,107450
Fluctuating,238500,107500
Fluctuating,238750,107550
Fluctuating,239000,107600
Fluctuating,239250,107650
Fluctuating,239500,107700
Fluctuating,239750,107750
Fluctuating,240000,107800
Fluctuating,240250,107850
Fluctuating,240500,107900
Fluctuating,240750,107950
Fluctuating,241000,108000
Fluctuating,241250,108050
Fluctuating,241500,108100
Fluctuating,241750,108150
Fluctuating,242000,108200
Fluctuating,242250,108250
Fluctuating,242500,108300
Fluctuating,242750,108350
Fluctuating,243000,108400
Fluctuating,243250,108450
Fluctuating,243500,108500
Fluctuating,243750,108550
Fluctuating,244000,108600
Fluctuating,244250,108650
Fluctuating,244500,108700
Fluctuating,244750,108750
Fluctuating,245000,108800
Fluctuating,245250,108850
Fluctuating,245500,108900
Fluctuating,245750,108950
Fluctuating,246000,109000
Fluctuating,246250,109050
Fluctuating,246500,109100
Fluctuating,246750,109150
Fluctuating,247000,109200
Fluctuating,247250,109250
Fluctuating,247500,109300
Fluctuating,247750,109350
Fluctuating,248000,109400
Fluctuating,248250,109450
Fluctuating,248500,109500
Fluctuating,248750,109550
Fluctuating,249000,109600
Fluctuating,249250,109650
Fluctuating,249500,109700
Fluctuating,249750,109750
Fluctuating,250000,109800
Fluctuating,250250,109850
Fluctuating,250500,109900
Fluctuating,250750,109950
Fluctuating,251000,110000
Fluctuating,251250,110050
Fluctuating,251500,110100
Fluctuating,251750,110150
Fluctuating,252000,110200
Fluctuating,252250,110250
Fluctuating,252500,110300
Fluctuating,252750,110350
Fluctuating,253000,110400
Fluctuating,253250,110450
Fluctuating,253500,110500
Fluctuating,253750,110550
Fluctuating,254000,110600
Fluctuating,254250,110650
Fluctuating,254500,110700
Fluctuating,254750,110750
Fluctuating,255000,110800
Fluctuating,255250,110850
Fluctuating,255500,110900
Fluctuating,255750,110950
Fluctuating,256000,111000
Fluctuating,256050,111050
Fluctuating,256100,111100
Fluctuating,256150,111150
Fluctuating,256200,111200
Fluctuating,256250,111250
Fluctuating,256300,111300
Fluctuating,256350,111350
Fluctuating,256400,111400
Fluctuating,256450,111450
Fluctuating,256500,111500
Fluctuating,256550,111550
Fluctuating,256600,111600
Fluctuating,256650,111650
Fluctuating,256700,111700
Fluctuating,256750,111750
Fluctuating,256800,111800
Fluctuating,256850,111850
Fluctuating,256900,111900
Fluctuating,256950,111950
Fluctuating,257000,112000
Fluctuating,257050,112050
Fluctuating,257100,112100
Fluctuating,257150,112150
Fluctuating,257200,112200
Fluctuating,257250,112250
Fluctuating,257300,112300
Fluctuating,257350,112350
Fluctuating,257400,112400
Fluctuating,257450,112450
Fluctuating,257500,112500
Fluctuating,257550,112550
Fluctuating,257600,112600
Fluctuating,257650,112650
Fluctuating,257700,112700
Fluctuating,257750,112750
Fluctuating,257800,112800
Fluctuating,257850,112850
Fluctuating,257900,112900
Fluctuating,257950,112950
Fluctuating,258000,113000
Fluctuating,258050,113050
Fluctuating,258100,113100
Fluctuating,258150,113150
Fluctuating,258200,113200
Fluctuating,258250,113250
Fluctuating,258300,113300
Fluctuating,258350,113350
Fluctuating,258400,113400
Fluctuating,258450,113450
Fluctuating,258500,113500
Fluctuating,258550,113550
Fluctuating,258600,113600
Fluctuating,258650,113650
Fluctuating,258700,113700
Fluctuating,258750,113750
Fluctuating,258800,113800
Fluctuating,258850,113850
Fluctuating,258900,113900
Fluctuating,258950,113950
Fluctuating,259000,114000
Fluctuating,259050,114050
Fluctuating,259100,114100
Fluctuating,259150,114150
Fluctuating,259200,114200
Fluctuating,259250,114250
Fluctuating,259300,114300
Fluctuating,259350,114350
Fluctuating,259400,114400
Fluctuating,259450,114450
Fluctuating,259500,114500
Fluctuating,259550,114550
Fluctuating,259600,114600
Fluctuating,259650,114650
Fluctuating,259700,114700
Fluctuating,259750,114750
Fluctuating,259800,114800
Fluctuating,259850,114850
Fluctuating,259900,114900
Fluctuating,259950,114950
Fluctuating,260000,115000
Fluctuating,260050,115050
Fluctuating,260100,115100
Fluctuating,260150,115150
Fluctuating,260200,115200
Fluctuating,260250,115250
Fluctuating,260300,115300
Fluctuating,260350,115350
Fluctuating,260400,115400
Fluctuating,260450,115450
Fluctuating,260500,115500
Fluctuating,260550,115550
Fluctuating,260600,115600
Fluctuating,260650,115650
Fluctuating,260700,115700
Fluctuating,260750,115750
Fluctuating,260800,115800
Fluctuating,260850,115850
Fluctuating,260900,115900
Fluctuating,260950,115950
Fluctuating,261000,116000
Fluctuating,261000,116050
Fluctuating,261000,116100
Fluctuating,261000,116150
Fluctuating,261000,116200
Fluctuating,261000,116250
Fluctuating,261000,116300
Fluctuating,261000,116350
Fluctuating,261000,116400
Fluctuating,261000,116450
Fluctuating,261000,116500
Fluctuating,261000,116550
Fluctuating,261000,116600
Fluctuating,261000,116650
Fluctuating,261000,116700
Fluctuating,261000,116750
Fluctuating,261000,116800
Fluctuating,261000,116850
Fluctuating,261000,116900
Fluctuating,261000,116950
Fluctuating,261000,117000
Fluctuating,261000,117050
Fluctuating,261000,117100
Fluctuating,261000,117150
Fluctuating,261000,117200
Fluctuating,261000,117250
Fluctuating,261000,117300
Fluctuating,261000,117350
Fluctuating,261000,117400
Fluctuating,261000,117450
Fluctuating,261000,117500
Fluctuating,261000,117550
Fluctuating,261000,117600
Fluctuating,261000,117650
Fluctuating,261000,117700
Fluctuating,261000,117750
Fluctuating,261000,117800
Fluctuating,261000,117850
Fluctuating,261000,117900
Fluctuating,261000,117950
Fluctuating,261000,118000
Fluctuating,261000,118050
Fluctuating,261000,118100
Fluctuating,261000,118150
Fluctuating,261000,118200
Fluctuating,261000,118250
Fluctuating,261000,118300
Fluctuating,261000,118350
Fluctuating,261000,118400
Fluctuating,261000,118450
Fluctuating,261000,118500
Fluctuating,261000,118550
Fluctuating,261000,118600
Fluctuating,261000,118650
Fluctuating,261000,118700
Fluctuating,261000,118750
Fluctuating,261000,118800
Fluctuating,261000,118850
Fluctuating,261000,118900
Fluctuating,261000,118950
Fluctuating,261000,119000
Fluctuating,261000,119050
Fluctuating,261000,119100
Fluctuating,261000,119150
Fluctuating,261000,119200
Fluctuating,261000,119250
Fluctuating,261000,119300
Fluctuating,261000,119350
Fluctuating,261000,119400
Fluctuating,261000,119450
Fluctuating,261000,119500
Fluctuating,261000,119550
Fluctuating,261000,119600
Fluctuating,261000,119650
Fluctuating,261000,119700
Fluctuating,261000,119750
Fluctuating,261000,119800
Fluctuating,261000,119850
Fluctuating,261000,119900
Fluctuating,261000,119950
Fluctuating,261000,120000
Fluctuating,261000,120050
Fluctuating,261000,120100
Fluctuating,261000,120150
Fluctuating,261000,120200
Fluctuating,261000,120250
Fluctuating,261000,120300
Fluctuating,261000,120350
Fluctuating,261000,120400
Fluctuating,261000,120450
Fluctuating,261000,120500
Fluctuating,261000,120550
Fluctuating,261000,120600
Fluctuating,261000,120650
Fluctuating,261000,120700
Fluctuating,261000,120750
Fluctuating,261000,120800
Fluctuating,261000,120850
Fluctuating,261000,120900
Fluctuating,261000,120950
Fluctuating,261000,121000
Fluctuating,261150,121050
Fluctuating,261300,121100
Fluctuating,261450,121150
Fluctuating,261600,121200
Fluctuating,261750,121250
Fluctuating,261900,121300
Fluctuating,262050,121350
Fluctuating,262200,121400
Fluctuating,262350,121450
Fluctuating,262500,121500
Fluctuating,262650,121550
Fluctuating,262800,121600
Fluctuating,262950,121650
Fluctuating,263100,121700
Fluctuating,263250,121750
Fluctuating,263400,121800
Fluctuating,263550,121850
Fluctuating,263700,121900
Fluctuating,263850,121950
Fluctuating,264000,122000
Fluctuating,264150,122050
Fluctuating,264300,122100
Fluctuating,264450,122150
Fluctuating,264600,122200
Fluctuating,264750,122250
Fluctuating,264900,122300
Fluctuating,265050,122350
Fluctuating,265200,122400
Fluctuating,265350,122450
Fluctuating,265500,122500
Fluctuating,265650,122550
Fluctuating,265800,122600
Fluctuating,265950,122650
Fluctuating,266100,122700
Fluctuating,266250,122750
Fluctuating,266400,122800
Fluctuating,266550,122850
Fluctuating,266700,122900
Fluctuating,266850,122950
Fluctuating,267000,123000
Fluctuating,267150,123050
Fluctuating,267300,123100
Fluctuating,267450,123150
Fluctuating,267600,123200
Fluctuating,267750,123250
Fluctuating,267900,123300
Fluctuating,268050,123350
Fluctuating,268200,123400
Fluctuating,268350,123450
Fluctuating,268500,123500
Fluctuating,268650,123550
Fluctuating,268800,123600
Fluctuating,268950,123650
Fluctuating,269100,123700
Fluctuating,269250,123750
Fluctuating,269400,123800
Fluctuating,269550,123850
Fluctuating,269700,123900
Fluctuating,269850,123950
Fluctuating,270000,124000
Fluctuating,270150,124050
Fluctuating,270300,124100
Fluctuating,270450,124150
Fluctuating,270600,124200
Fluctuating,270750,124250
Fluctuating,270900,124300
Fluctuating,271050,124350
Fluctuating,271200,124400
Fluctuating,271350,124450
Fluctuating,271500,124500
Fluctuating,271650,124550
Fluctuating,271800,124600
Fluctuating,271950,124650
Fluctuating,272100,124700
Fluctuating,272250,124750
Fluctuating,272400,124800
Fluctuating,272550,124850
Fluctuating,272700,124900
Fluctuating,272850,124950
Fluctuating,273000,125000
Fluctuating,273150,125050
Fluctuating,273300,125100
Fluctuating,273450,125150
Fluctuating,273600,125200
Fluctuating,273750,125250
Fluctuating,273900,125300
Fluctuating,274050,125350
Fluctuating,274200,125400
Fluctuating,274350,125450
Fluctuating,274500,125500
Fluctuating,274650,125550
Fluctuating,274800,125600
Fluctuating,274950,125650
Fluctuating,275100,125700
Fluctuating,275250,125750
Fluctuating,275400,125800
Fluctuating,275550,125850
Fluctuating,275700,125900
Fluctuating,275850,125950
Fluctuating,276000,126000
Fluctuating,276100,126050
Fluctuating,276200,126100
Fluctuating,276300,126150
Fluctuating,276400,126200
Fluctuating,276500,126250
Fluctuating,276600,126300
Fluctuating,276700,126350
Fluctuating,276800,126400
Fluctuating,276900,126450
Fluctuating,277000,126500
Fluctuating,277100,126550
Fluctuating,277200,126600
Fluctuating,277300,126650
Fluctuating,277400,126700
Fluctuating,277500,126750
Fluctuating,277600,126800
Fluctuating,277700,126850
Fluctuating,277800,126900
Fluctuating,277900,126950
Fluctuating,278000,127000
Fluctuating,278100,127050
Fluctuating,278200,127100
Fluctuating,278300,127150
Fluctuating,278400,127200
Fluctuating,278500,127250
Fluctuating,278600,127300
Fluctuating,278700,127350
Fluctuating,278800,127400
Fluctuating,278900,127450
Fluctuating,279000,127500
Fluctuating,279100,127550
Fluctuating,279200,127600
Fluctuating,279300,127650
Fluctuating,279400,127700
Fluctuating,279500,127750
Fluctuating,279600,127800
Fluctuating,279700,127850
Fluctuating,279800,127900
Fluctuating,279900,127950
Fluctuating,280000,128000
Fluctuating,280100,128050
Fluctuating,280200,128100
Fluctuating,280300,128150
Fluctuating,280400,128200
Fluctuating,280500,128250
Fluctuating,280600,128300
Fluctuating,280700,128350
Fluctuating,280800,128400
Fluctuating,280900,128450
Fluctuating,281000,128500
Fluctuating,281100,128550
Fluctuating,281200,128600
Fluctuating,281300,128650
Fluctuating,281400,128700
Fluctuating,281500,128750
Fluctuating,281600,128800
Fluctuating,281700,128850
Fluctuating,281800,128900
Fluctuating,281900,128950
Fluctuating,282000,129000
Fluctuating,282100,129050
Fluctuating,282200,129100
Fluctuating,282300,129150
Fluctuating,282400,129200
Fluctuating,282500,129250
Fluctuating,282600,129300
Fluctuating,282700,129350
Fluctuating,282800,129400
Fluctuating,282900,129450
Fluctuating,283000,129500
Fluctuating,283100,129550
Fluctuating,283200,129600
Fluctuating,283300,129650
Fluctuating,283400,129700
Fluctuating,283500,129750
Fluctuating,283600,129800
Fluctuating,283700,129850
Fluctuating,283800,129900
Fluctuating,283900,129950
Fluctuating,284000,130000
Fluctuating,284100,130050
Fluctuating,284200,130100
Fluctuating,284300,130150
Fluctuating,284400,130200
Fluctuating,284500,130250
Fluctuating,284600,130300
Fluctuating,284700,130350
Fluctuating,284800,130400
Fluctuating,284900,130450
Fluctuating,285000,130500
Fluctuating,285100,130550
Fluctuating,285200,130600
Fluctuating,285300,130650
Fluctuating,285400,130700
Fluctuating,285500,130750
Fluctuating,285600,130800
Fluctuating,285700,130850
Fluctuating,285800,130900
Fluctuating,285900,130950
Fluctuating,286000,131000
Fluctuating,286250,131050
Fluctuating,286500,131100
Fluctuating,286750,131150
Fluctuating,287000,131200
Fluctuating,287250,131250
Fluctuating,287500,131300
Fluctuating,287750,131350
Fluctuating,288000,131400
Fluctuating,288250,131450
Fluctuating,288500,131500
Fluctuating,288750,131550
Fluctuating,289000,131600
Fluctuating,289250,131650
Fluctuating,289500,131700
Fluctuating,289750,131750
Fluctuating,290000,131800
Fluctuating,290250,131850
Fluctuating,290500,131900
Fluctuating,290750,131950
Fluctuating,291000,132000
Fluctuating,291250,132050
Fluctuating,291500,132100
Fluctuating,291750,132150
Fluctuating,292000,132200
Fluctuating,292250,132250
Fluctuating,292500,132300
Fluctuating,292750,132350
Fluctuating,293000,132400
Fluctuating,293250,132450
Fluctuating,293500,132500
Fluctuating,293750,132550
Fluctuating,294000,132600
Fluctuating,294250,132650
Fluctuating,294500,132700
Fluctuating,294750,132750
Fluctuating,295000,132800
Fluctuating,295250,132850
Fluctuating,295500,132900
Fluctuating,295750,132950
Fluctuating,296000,133000
Fluctuating,296250,133050
Fluctuating,296500,133100
Fluctuating,296750,133150
Fluctuating,297000,133200
Fluctuating,297250,133250
Fluctuating,297500,133300
Fluctuating,297750,133350
Fluctuating,298000,133400
Fluctuating,298250,133450
Fluctuating,298500,133500
Fluctuating,298750,133550
Fluctuating,299000,133600
Fluctuating,299250,133650
Fluctuating,299500,133700
Fluctuating,299750,133750
Fluctuating,300000,133800
Fluctuating,300250,133850
Fluctuating,300500,133900
Fluctuating,300750,133950
Fluctuating,301000,134000
Fluctuating,301250,134050
Fluctuating,301500,134100
Fluctuating,301750,134150
Fluctuating,302000,134200
Fluctuating,302250,134250
Fluctuating,302500,134300
Fluctuating,302750,134350
Fluctuating,303000,134400
Fluctuating,303250,134450
Fluctuating,303500,134500
Fluctuating,303750,134550
Fluctuating,304000,134600
Fluctuating,304250,134650
Fluctuating,304500,134700
Fluctuating,304750,134750
Fluctuating,305000,134800
Fluctuating,305250,134850
Fluctuating,305500,134900
Fluctuating,305750,134950
Fluctuating,306000,135000
Fluctuating,306250,135050
Fluctuating,306500,135100
Fluctuating,306750,135150
Fluctuating,307000,135200
Fluctuating,307250,135250
Fluctuating,307500,135300
Fluctuating,307750,135350
Fluctuating,308000,135400
Fluctuating,308250,135450
Fluctuating,308500,135500
Fluctuating,308750,135550
Fluctuating,309000,135600
Fluctuating,309250,135650
Fluctuating,309500,135700
Fluctuating,309750,135750
Fluctuating,310000,135800
Fluctuating,310250,135850
Fluctuating,310500,135900
Fluctuating,310750,135950
Fluctuating,311000,136000
Fluctuating,311050,136050
Fluctuating,311100,136100
Fluctuating,311150,136150
Fluctuating,311200,136200
Fluctuating,311250,136250
Fluctuating,311300,136300
Fluctuating,311350,136350
Fluctuating,311400,136400
Fluctuating,311450,136450
Fluctuating,311500,136500
Fluctuating,311550,136550
Fluctuating,311600,136600
Fluctuating,311650,136650
Fluctuating,311700,136700
Fluctuating,311750,136750
Fluctuating,311800,136800
Fluctuating,311850,136850
Fluctuating,311900,136900
Fluctuating,311950,136950
Fluctuating,312000,137000
Fluctuating,312050,137050
Fluctuating,312100,137100
Fluctuating,312150,137150
Fluctuating,312200,137200
Fluctuating,312250,137250
Fluctuating,312300,137300
Fluctuating,312350,137350
Fluctuating,312400,137400
Fluctuating,312450,137450
Fluctuating,312500,137500
Fluctuating,312550,137550
Fluctuating,312600,137600
Fluctuating,312650,137650
Fluctuating,312700,137700
Fluctuating,312750,137750
Fluctuating,312800,137800
Fluctuating,312850,137850
Fluctuating,312900,137900
Fluctuating,312950,137950
Fluctuating,313000,138000
Fluctuating,313050,138050
Fluctuating,313100,138100
Fluctuating,313150,138150
Fluctuating,313200,138200
Fluctuating,313250,138250
Fluctuating,313300,138300
Fluctuating,313350,138350
Fluctuating,313400,138400
Fluctuating,313450,138450
Fluctuating,313500,138500
Fluctuating,313550,138550
Fluctuating,313600,138600
Fluctuating,313650,138650
Fluctuating,313700,138700
Fluctuating,313750,138750
Fluctuating,313800,138800
Fluctuating,313850,138850
Fluctuating,313900,138900
Fluctuating,313950,138950
Fluctuating,314000,139000
Fluctuating,314050,139050
Fluctuating,314100,139100
Fluctuating,314150,139150
Fluctuating,314200,139200
Fluctuating,314250,139250
Fluctuating,314300,139300
Fluctuating,314350,139350
Fluctuating,314400,139400
Fluctuating,314450,139450
Fluctuating,314500,139500
Fluctuating,314550,139550
Fluctuating,314600,139600
Fluctuating,314650,139650
Fluctuating,314700,139700
Fluctuating,314750,139750
Fluctuating,314800,139800
Fluctuating,314850,139850
Fluctuating,314900,139900
Fluctuating,314950,139950
Fluctuating,315000,140000
Fluctuating,315050,140050
Fluctuating,315100,140100
Fluctuating,315150,140150
Fluctuating,315200,140200
Fluctuating,315250,140250
Fluctuating,315300,140300
Fluctuating,315350,140350
Fluctuating,315400,140400
Fluctuating,315450,140450
Fluctuating,315500,140500
Fluctuating,315550,140550
Fluctuating,315600,140600
Fluctuating,315650,140650
Fluctuating,315700,140700
Fluctuating,315750,140750
Fluctuating,315800,140800
Fluctuating,315850,140850
Fluctuating,315900,140900
Fluctuating,315950,140950
Fluctuating,316000,141000
Fluctuating,316000,141050
Fluctuating,316000,141100
Fluctuating,316000,141150
Fluctuating,316000,141200
Fluctuating,316000,141250
Fluctuating,316000,141300
Fluctuating,316000,141350
Fluctuating,316000,141400
Fluctuating,316000,141450
Fluctuating,316000,141500
Fluctuating,316000,141550
Fluctuating,316000,141600
Fluctuating,316000,141650
Fluctuating,316000,141700
Fluctuating,316000,141750
Fluctuating,316000,141800
Fluctuating,316000,141850
Fluctuating,316000,141900
Fluctuating,316000,141950
Fluctuating,316000,142000
Fluctuating,316000,142050
Fluctuating,316000,142100
Fluctuating,316000,142150
Fluctuating,316000,142200
Fluctuating,316000,142250
Fluctuating,316000,142300
Fluctuating,316000,142350
Fluctuating,316000,142400
Fluctuating,316000,142450
Fluctuating,316000,142500
Fluctuating,316000,142550
Fluctuating,316000,142600
Fluctuating,316000,142650
Fluctuating,316000,142700
Fluctuating,316000,142750
Fluctuating,316000,142800
Fluctuating,316000,142850
Fluctuating,316000,142900
Fluctuating,316000,142950
Fluctuating,316000,143000
Fluctuating,316000,143050
Fluctuating,316000,143100
Fluctuating,316000,143150
Fluctuating,316000,143200
Fluctuating,316000,143250
Fluctuating,316000,143300
Fluctuating,316000,143350
Fluctuating,316000,143400
Fluctuating,316000,143450
Fluctuating,316000,143500
Fluctuating,316000,143550
Fluctuating,316000,143600
Fluctuating,316000,143650
Fluctuating,316000,143700
Fluctuating,316000,143750
Fluctuating,316000,143800
Fluctuating,316000,143850
Fluctuating,316000,143900
Fluctuating,316000,143950
Fluctuating,316000,144000
Fluctuating,316000,144050
Fluctuating,316000,144100
Fluctuating,316000,144150
Fluctuating,316000,144200
Fluctuating,316000,144250
Fluctuating,316000,144300
Fluctuating,316000,144350
Fluctuating,316000,144400
Fluctuating,316000,144450
Fluctuating,316000,144500
Fluctuating,316000,144550
Fluctuating,316000,144600
Fluctuating,316000,144650
Fluctuating,316000,144700
Fluctuating,316000,144750
Fluctuating,316000,144800
Fluctuating,316000,144850
Fluctuating,316000,144900
Fluctuating,316000,144950
Fluctuating,316000,145000
Fluctuating,316000,145050
Fluctuating,316000,145100
Fluctuating,316000,145150
Fluctuating,316000,145200
Fluctuating,316000,145250
Fluctuating,316000,145300
Fluctuating,316000,145350
Fluctuating,316000,145400
Fluctuating,316000,145450
Fluctuating,316000,145500
Fluctuating,316000,145550
Fluctuating,316000,145600
Fluctuating,316000,145650
Fluctuating,316000,145700
Fluctuating,316000,145750
Fluctuating,316000,145800
Fluctuating,316000,145850
Fluctuating,316000,145900
Fluctuating,316000,145950
Fluctuating,316000,146000
Fluctuating,316150,146050
Fluctuating,316300,146100
Fluctuating,316450,146150
Fluctuating,316600,146200
Fluctuating,316750,146250
Fluctuating,316900,146300
Fluctuating,317050,146350
Fluctuating,317200,146400
Fluctuating,317350,146450
Fluctuating,317500,146500
Fluctuating,317650,146550
Fluctuating,317800,146600
Fluctuating,317950,146650
Fluctuating,318100,146700
Fluctuating,318250,146750
Fluctuating,318400,146800
Fluctuating,318550,146850
Fluctuating,318700,146900
Fluctuating,318850,146950
Fluctuating,319000,147000
Fluctuating,319150,147050
Fluctuating,319300,147100
Fluctuating,319450,147150
Fluctuating,319600,147200
Fluctuating,319750,147250
Fluctuating,319900,147300
Fluctuating,320050,147350
Fluctuating,320200,147400
Fluctuating,320350,147450
Fluctuating,320500,147500
Fluctuating,320650,147550
Fluctuating,320800,147600
Fluctuating,320950,147650
Fluctuating,321100,147700
Fluctuating,321250,147750
Fluctuating,321400,147800
Fluctuating,321550,147850
Fluctuating,321700,147900
Fluctuating,321850,147950
Fluctuating,322000,148000
Fluctuating,322150,148050
Fluctuating,322300,148100
Fluctuating,322450,148150
Fluctuating,322600,148200
Fluctuating,322750,148250
Fluctuating,322900,148300
Fluctuating,323050,148350
Fluctuating,323200,148400
Fluctuating,323350,148450
Fluctuating,323500,148500
Fluctuating,323650,148550
Fluctuating,323800,148600
Fluctuating,323950,148650
Fluctuating,324100,148700
Fluctuating,324250,148750
Fluctuating,324400,148800
Fluctuating,324550,148850
Fluctuating,324700,148900
Fluctuating,324850,148950
Fluctuating,325000,149000
Fluctuating,325150,149050
Fluctuating,325300,149100
Fluctuating,325450,149150
Fluctuating,325600,149200
Fluctuating,325750,149250
Fluctuating,325900,149300
Fluctuating,326050,149350
Fluctuating,326200,149400
Fluctuating,326350,149450
Fluctuating,326500,149500
Fluctuating,326650,149550
Fluctuating,326800,149600
Fluctuating,326950,149650
Fluctuating,327100,149700
Fluctuating,327250,149750
Fluctuating,327400,149800
Fluctuating,327550,149850
Fluctuating,327700,149900
Fluctuating,327850,149950
Fluctuating,328000,150000
Fluctuating,328150,150050
Fluctuating,328300,150100
Fluctuating,328450,150150
Fluctuating,328600,150200
Fluctuating,328750,150250
Fluctuating,328900,150300
Fluctuating,329050,150350
Fluctuating,329200,150400
Fluctuating,329350,150450
Fluctuating,329500,150500
Fluctuating,329650,150550
Fluctuating,329800,150600
Fluctuating,329950,150650
Fluctuating,330100,150700
Fluctuating,330250,150750
Fluctuating,330400,150800
Fluctuating,330550,150850
Fluctuating,330700,150900
Fluctuating,330850,150950
